wordEnglish,CEFR,gender,number,wordHebrew,wordTransliteration,sentenceHebrew,sentenceTransliteration,sentenceEnglish
dad,A1,masc,sing,אבא,ába,אַבָּא שֶׁלִּי עוֹבֵד.,Aba sheli oved.,My dad is working.
after,A1,,,אחרי,aħaréi,אַחֲרֵי הַשִּׁעוּר אֲנִי אוֹכֵל.,Acharei ha-shiur ani ochel.,"After the lesson, I eat."
eating,A2,fem,sing,אכילה,aħilá,אֲכִילָה בְּרִיאָה חֲשׁוּבָה לַבְּרִיאוּת.,Achila bri’a chashuva la-briyut.,Healthy eating is important for health.
sister,A1,fem,sing,אחות,aħót,אַחְוֹתִי לוֹמֶדֶת בְּבֵית־הַסֵּפֶר.,Achoti lomedet be-beit ha-sefer.,My sister studies at school.
"person, human",A1,masc,sing,אדם,adám,אָדָם הוֹלֵךְ בָּרְחוֹב.,Adam holech ba-rechov.,A person is walking on the street.
love (noun),A1,fem,sing,אהבה,ahavá,אַהֲבָה הִיא דָּבָר טוֹב.,Ahava hi davar tov.,Love is a good thing.
together,A1,,,ביחד,byáħad,אֲנַחְנוּ מְשַׂחֲקִים יַחְדָּו.,Anáchnu mesachakím byáchad.,We're playing together.
synagogue,A1,masc,sing,בית כנסת,béit knéset,אֲנַחְנוּ הוֹלְכִים לְבֵית הַכְּנֶסֶת בַּשַּׁבָּת.,Anáħnu holkhím l’béit knéset b’Shabát.,We go to the synagogue on Shabbat.
we,A1,all,plur,אנחנו,anáħnu,אֲנַחְנוּ הוֹלְכִים לַיָּם.,Anáħnu holkhím la-yám.,We're going to the beach.
"pool, pond",A1,fem,sing,בריכה,breħá,אֲנַחְנוּ הוֹלְכִים לַבְּרֵיכָה בַּקַּיִץ.,Anáħnu holkhím labreħá bakáyitz.,We go to the pool in the summer.
"coffee house, cafe",A1,masc,sing,בית קפה,béit kafé,אֲנַחְנוּ נִפְגָּשִׁים בְּבֵית קָפֶה.,Anáħnu nifgashím b’béit kafé.,We're meeting at the café.
dinner,A1,fem,sing,ארוחת ערב,aruħát érev,אֲנַחְנוּ אוֹכְלִים אֲרוּחַת עֶרֶב בְּשֶׁבַע.,Anáħnu okhlím aruħát érev be-shéva.,We eat dinner at seven.
"in, with",A1,,,ב ,b',אֲנִי בַּבַּיִת.,Ani bábayit.,I'm at home.
"land, country",A1,fem,sing,ארץ,érets,אֲנִי גָּר בְּאֶרֶץ יָפָה.,Ani gar b’érets yafá.,I live in a beautiful country.
afterwards,A1,,,אחר כך,aħár káħ,אֲנִי הוֹלֵךְ הַבַּיְתָה אַחַר כָּךְ.,Ani holech ha-bayta achar kach.,I'm going home later.
after,A1,,,אחר,aħár,אֲנִי הוֹלֵךְ לִישׁוֹן אַחַר הַסֶּרֶט.,Ani holech lishon achar ha-seret.,I go to sleep after the movie.
clothes,A1,masc,plur,בגדים,bgadím,אֲנִי קוֹנֶה בְּגָדִים חֲדָשִׁים.,Ani koné bgadím ħadashím.,I'm buying new clothes.
letter in the alphabet,A1,fem,sing,אות,ot,אֲנִי כּוֹתֵב אוֹת עַל הַנְּיָר.,Aní kotév ot al ha-niyár.,I write a letter on the paper.
onion,A1,masc,sing,בצל,batsál,אֲנִי לֹא אוֹהֵב בָּצָל.,Ani lo ohev batsál.,I don’t like onions.
university,A2,fem,sing,אוניברסיטה,univérsita,אֲנִי לוֹמֵד בָּאוּנִיבֶרְסִיטָה בִּירוּשָׁלַיִם.,Ani lomed ba-universita bi-Yerushalayim.,I study at a university in Jerusalem.
alphabet,A1,masc,sing,אלפבית,alefbét,אֲנִי לוֹמֵד אֶת הָאַלְפָבֵּית הָעִבְרִי.,Aní loméd et ha-alefbét ha-ivrí.,I'm learning the Hebrew alphabet.
them,A1,masc,plur,אותם,otám,אֲנִי מַכִּיר אוֹתָם.,Ani makir otam.,I know them.
"sign, signal",A2,masc,sing,אות,ot,אֲנִי מְחַכֶּה לְאוֹת מִמְּךָ.,Ani mechake le-ot mimecha.,I'm waiting for a sign from you.
English (language),A1,fem,sing,אנגלית,anglít,אֲנִי מְדַבֵּר אַנְגְּלִית טוֹב.,Aní medabér anglít tov.,I speak English well.
information,A2,fem,sing,אינפורמציה,informátsya,אֲנִי מְחַפֵּשׂ אִינְפוֹרְמַצְיָה עַל הָעִיר.,Ani mehapés informatsya al ha-ir.,I'm looking for information about the city.
internet,A1,masc,sing,אינטרנט,ínternet,אֲנִי מִשְׁתַּמֵּשׁ בָּאִינְטֶרְנֵט כָּל יוֹם.,Ani mishtamesh ba-internet kol yom.,I use the internet every day.
meat,A1,masc,sing,בשר,basár,אֲנִי אוֹכֵל בָּשָׂר עִם אוֹרֶז.,Ani ochel basár im óréz.,I eat meat with rice.
egg,A1,fem,sing,ביצה,beitsá,אֲנִי אוֹכֵל בֵּיצָה לַאֲרוּחַת בֹּקֶר.,Ani ochel beitsá l’aruħat bóker.,I'm eating an egg for breakfast.
rice,A1,masc,sing,אורז,órez,אֲנִי אוֹכֵל אוֹרֶז.,Ani ochel orez.,I am eating rice.
banana,A1,fem,sing,בננה,banána,אֲנִי אוֹהֵב בָּנָנָה.,Ani ohev banána.,I like bananas.
object marker,A1,,,את,et,אֲנִי אוֹהֵב אֶת הַסֶּרֶט הַזֶּה.,Ani ohev et haséret hazé.,I like this movie.
I,A1,,,אני,aní,אֲנִי אוֹהֵב קָפֶה.,Aní ohév kafé.,I like coffee.
"nut, walnut",A2,masc,sing,אגוז,egóz,אֲנִי אוֹהֵב לֶאֱכֹל אֱגוֹזִים.,Ani ohev le’echol egozim.,I like eating nuts.
meal,A1,fem,sing,ארוחה,aruħá,אֲנִי אוֹכֵל שָׁלֹשׁ אֲרוּחוֹת בַּיּוֹם.,Aní okhél shalósh aruħót ba-yóm.,I eat three meals a day.
afternoon,A1,masc,sing,אחר הצהריים,aħár hatsohoráim,אֲנִי פּוֹגֵשׁ חָבֵר אַחַר הַצָּהֳרַיִם.,Ani pogesh chaver achar ha-tsohorayim.,I meet a friend in the afternoon.
"but, however",A1,,,אבל,avál,"אֲנִי רוֹצֶה גְּלִידָה, אֲבָל אֵין.","Ani rotze glida, aval ein.","I want ice cream, but there is none."
without,A1,,,בלי,bli,אֲנִי רוֹצֶה קָפֶה בְּלִי סֻכָּר.,Ani rotzé kafé bli sukar.,I want coffee without sugar.
"other, another",A1,,,אחר,aħér,אֲנִי רוֹצֶה סֵפֶר אַחֵר.,Ani rotze sefer acher.,I want another book.
post office,A1,masc,sing,בית דואר,béit dó'ar,אֲנִי שׁוֹלֵחַ מִכְתָּב בְּבֵית־הַדּוֹאַר.,Ani sholéaħ mikhtáv b’béit dó’ar.,I'm sending a letter at the post office.
hotel,A1,masc,sing,בית מלון,béit malón,אֲנִי יָשֵׁן בְּבֵית־מָלוֹן בְּתֵל־אָבִיב.,Ani yashén b’béit malón b’Tel Aviv.,I sleep in a hotel in Tel Aviv.
United States,A1,fem,plur,ארצות הברית,artsót habrít,אַרְצוֹת הַבְּרִית הִיא מְדִינָה גְּדוֹלָה.,Artsót habrít hi mediná gdolá.,The United States is a big country.
breakfast,A1,fem,sing,ארוחת בוקר,aruħát bóker,אֲרוּחַת הַבֹּקֶר שֶׁלִּי הִיא לֶחֶם עִם גְּבִינָה.,Aruħát ha-bóker shelí hi léħem im gviná.,My breakfast is bread with cheese.
lunch,A1,fem,sing,ארוחת צהריים,aruħát tsohoráyim,אֲרוּחַת הַצָּהֳרַיִם שֶׁלִּי הִיא אוֹרֶז עִם עוֹף.,Aruħát ha-tsohoráyim shelí hi órez im óf.,My lunch is rice with chicken.
you,A1,fem,sing,את,at,אַתְּ גָּרָה בְּתֵל־אָבִיב?,At gará b'Tel Aviv?,Do you live in Tel Aviv?
you,A1,masc,sing,אתה,atá,אַתָּה עוֹבֵד פֹּה?,Atá oved po?,Do you work here?
or,A1,,,או,o,אַתָּה רוֹצֶה תֵּה אוֹ קָפֶה?,Ata rotze te o kafe?,Do you want tea or coffee?
goose,A2,masc,sing,אווז,aváz,בָּאֲגַם יֵשׁ אֲוָזִים לְבָנִים.,Ba-agam yesh avazim levanim.,There are white geese in the lake.
morning,A1,masc,sing,בוקר,bóker,בֹּקֶר טוֹב!,Bóker tov!,Good morning!
zero,A1,masc,,אפס,éfes,אֶפֶס וְעוֹד אֶחָד זֶה אֶחָד.,Éfes ve-od éħad ze éħad.,Zero plus one is one.
possible,A1,,,אפשר,efshár,אֶפְשָׁר לָשֶׁבֶת פֹּה?,Efshár lashévet pó?,Can I sit here?
how,A1,,,איך,éiħ,אֵיךְ אַתָּה מַרְגִּישׁ?,Eich ata margish?,How do you feel?
where,A1,,,איפה,efó,אֵיפֹה הַבַּיִת שֶׁלְּךָ?,Eifo ha-bayit shelcha?,Where is your house?
there's no,A1,,,אין,ein,אֵין חָלָב בַּמְּקָרֵר.,Ein chalav ba-mekarer.,There is no milk in the fridge.
"which, what",A1,masc,sing,איזה,éize,אֵיזֶה צֶבַע אַתָּה אוֹהֵב?,Eize tzéva ata ohev?,Which color do you like?
yesterday,A1,,,אתמול,etmól,אֶתְמוֹל הָיָה יוֹם יָפֶה.,Etmól hayá yom yafé.,Yesterday was a beautiful day.
"earth, soil",A1,fem,sing,אדמה,adamá,הָאֲדָמָה חוּמָה.,Ha-adama chuma.,The soil is brown.
nose,A1,masc,sing,אף,af,הָאַף שֶׁלִּי קָר.,Ha-af shelí kar.,My nose is cold.
pear,A1,masc,sing,אגס,agás,הָאַגָּס טָעִים.,Ha-agas ta'im.,The pear is tasty.
father,A1,masc,sing,אב,av,הָאָב בַּבַּיִת.,Ha-av ba-bayit.,The father is at home.
air,A1,masc,sing,אוויר,avír,האֲוִיר קַר הַיּוֹם.,Ha-avir kar ha-yom.,The air is cold today.
"airplane, plane (rare)",A2,masc,sing,אוירון,avirón,הָאוּוִירוֹן טָס מֵעַל הָעִיר.,Ha-aviron tas me’al ha-ir.,The airplane is flying over the city.
springtime,A1,masc,sing,אביב,avív,הָאָבִיב יָפֶה.,Ha-aviv yafe.,Spring is beautiful.
"closet, cabinet",A1,masc,sing,ארון ,arón,הַבְּגָדִים שֶׁלִּי בָּאָרוֹן.,Ha-bgadím shelí ba-arón.,My clothes are in the closet.
mother,A1,fem,sing,אם,ém,הָאֵם שֶׁלִּי עוֹבֶדֶת בְּבֵית־חוֹלִים.,Ha-ém shelí ovédet be-béit ħolím.,My mother works at a hospital.
hall,A2,masc,sing,אולם,ulám,הָאֵרוּעַ יִתְקַיֵּם בְּאוּלָם גָּדוֹל.,Ha-eru’a yitkayem be-ulam gadol.,The event will take place in a large hall.
American,A1,,,אמריקאי,amerikái,הֶחָבֵר שֶׁלִּי אַמֶרִיקָאִי.,Ha-ħavér shelí amerikái.,My friend is American.
slow,A2,,,איטי,ití,הָאִינְטֶרְנֵט בַּבַּיִת שֶׁלִּי מְאֹד אִטִּי.,Ha-internet ba-bayit sheli me’od iti.,The internet in my house is very slow.
"man, husband",A1,masc,sing,איש,ish,הָאִישׁ גָּבוֹהַּ.,Ha-ish gavoha.,The man is tall.
food,A1,masc,sing,אוכל,óħel,הָאוֹכֶל טָעִים.,Ha-ochel ta'im.,The food is tasty.
baker,A2,masc,sing,אופה,ofé,הָאוֹפֶה מֵכִין לֶחֶם טָרִי כָּל יוֹם.,Ha-ofe mechin lechem tari kol yom.,The baker prepares fresh bread every day.
artist,A1,masc,sing,אומן,omán,הָאוֹמָן מְצַיֵּר.,Ha-oman metzayer.,The artist is painting.
guest,A2,masc,sing,אורח,oréaħ,הָאוֹרֵחַ הִגִּיעַ מוּקְדָּם לַמְּסִבָּה.,Ha-oreach higi’a mukdam la-mesiba.,The guest arrived early to the party.
bus,A1,masc,sing,אוטובוס,otobús,הָאוֹטוֹבּוּס מַגִּיעַ.,Ha-otobus magia.,The bus is arriving.
"loved one, favorite",A2,,,אהוב,ahúv,הַסֵּפֶר הַזֶּה אָהוּב עָלַי מְאֹד.,Ha-sefer ha-ze ahuv alai me’od.,This book is very dear to me.
gray,A1,,,אפור,afór,הַשָּׁמַיִם הַיּוֹם אֲפוּרִים.,Ha-shamáyim ha-yóm aforím.,The sky is gray today.
red,A1,,,אדום,adóm,הַתַּפּוּחַ אָדֹם.,Ha-tapuach adom.,The apple is red.
snowman,A2,masc,sing,איש שלג,ish shéleg,הַיְלָדִים בָּנוּ אִישׁ שֶׁלֶג בַּגִּינָּה.,Ha-yeladim banu ish sheleg ba-gina.,The children built a snowman in the garden.
bath,A1,fem,sing,אמבטיה,ambátya,הַיֶּלֶד נִכְנָס לָאַמְבַּטְיָה.,Ha-yéled nikhnás la-ambátya.,The child gets into the bathtub.
bicycle,A1,masc,dual,אופניים,ofanáyim,הַיֶּלֶד רוֹכֵב עַל אוֹפַנַּיִם.,Ha-yeled rokev al ofanayim.,The boy is riding a bicycle.
duck,A1,masc,sing,ברווז,barváz,הַבַּרְוָז שׁוֹחֶה בָּאֲגַם.,Habarváz soché ba'agám.,The duck is swimming in the lake.
between,A1,,,בין,béin,הַבַּיִת שֶׁלִּי בֵּין הַחֲנוּת לְבֵית־הַסֵּפֶר.,Habáyit shelí béin hachanút l’béit séfer.,My house is between the store and the school.
house,A1,masc,sing,בית,báyit,הַבַּיִת שֶׁלִּי גָּדוֹל.,Habáyit shelí gadól.,My house is big.
bank,A1,masc,sing,בנק,bank,הַכֶּסֶף שֶׁלִּי בַּבָּנְק.,Hakesef shelí babank.,My money is in the bank.
okay,A1,,,בסדר,bseder,הַכֹּל בְּסֵדֶר!,Hakól bséder!,Everything is fine!
god,A1,masc,sing,אלוהים,elohím,הַרְבֵּה אֲנָשִׁים מַאֲמִינִים בֵּאלֹהִים.,Harbé anashím ma’aminím be’elohím.,Many people believe in God.
hospital,A1,masc,sing,בית חולים,béit ħolím,הָרוֹפֵא עוֹבֵד בְּבֵית חוֹלִים.,Harofé oved b’béit ħolím.,The doctor works at the hospital.
inside,A1,,,בפנים,bifním,"הַסֵּפֶר בִּפְנִים, עַל הַשּׁוּלְחָן.","Hasefer bifním, al hashulħán.","The book is inside, on the table."
school,A1,masc,sing,בית ספר,béit séfer,הַיְלָדִים לוֹמְדִים בְּבֵית סֵפֶר.,Hayeladím lomdím b’béit séfer.,The children study at school.
island,A2,masc,sing,אי,i,הֵם נָסְעוּ לַחֻפְשָׁה בְּאִי קָטָן.,Hem nas’u le-chufsha be-i katan.,They went on vacation to a small island.
"woman, wife",A1,fem,sing,אשה,ishá,הִיא אִשָּׁה חֲכָמָה.,Hi ishá ħakamá.,She is a smart woman.
eat,A1,,,אכל,aħál,הוּא אָכַל אֲרוּחַת בֹּקֶר.,Hu achal aruchat boker.,He ate breakfast.
"love, like",A1,,,אהב,aháv,הוּא אָהַב אֶת הַסֵּפֶר.,Hu ahav et ha-sefer.,He loved the book.
truly,A1,,,אמן,amén,הוּא אָמַר אָמֵן אַחֲרֵי הַתְּפִלָּה.,Hu amár amén aħré ha-tefilá.,He said amen after the prayer.
"say, tell",A1,,,אמר,amár,הוּא אָמַר לִי שָׁלוֹם.,Hu amár li shalóm.,He said hello to me.
come,A1,,,בא,ba,הוּא בָּא לְבֵית־הַסֵּפֶר.,Hu ba l’béit séfer.,He's coming to school.
human being,A1,masc,sing,בן אדם,ben adám,הוּא בֶּן אָדָם טוֹב.,Hu ben adám tov.,He's a good person.
"so, then",A1,,,אז,az,"הוּא הָיָה עָיֵף, אָז הוּא יָשַׁן.","Hu haya ayef, az hu yashan.","He was tired, so he slept."
Italian,A2,,,איטלקי,italkí,הוּא אוֹכֵל אוֹכֶל אִיטַלְקִי בַּמִּסְעָדָה.,Hu ochel ochel italki be-mis’ada.,He's eating Italian food at the restaurant.
me,A1,,,אותי,oti,הוּא אוֹהֵב אוֹתִי.,Hu ohev oti.,He loves me.
if,A1,,,אם,im,"אִם יוֹרֵד גֶּשֶׁם, אֲנִי נִשְׁאָר בַּבַּיִת.","Im yoréd gésem, aní nish’ár ba-báyit.","If it rains, I'm staying at home."
mom,A1,fem,sing,אמא,íma,אִמָּא שֶׁלִּי מְבַשֶּׁלֶת אוֹכֶל טָעִים.,Íma shelí mevashélet ókhel ta’ím.,My mom cooks delicious food.
email,A2,masc,sing,אימייל,ímeil,שָׁלַחְתִּי לְךָ אֵימֵייל אֶתְמוֹל.,Shalachti lecha imeil etmol.,I sent you an email yesterday.
please,A1,,,בבקשה,bvakasha,"תֵּן לִי מַיִם, בְּבַקָּשָׁה.","Ten li máyim, bvakashá.","Give me water, please."
thousand,A1,masc,plur,אלף,élef,יֵשׁ אֶלֶף אֲנָשִׁים בָּעִיר.,Yesh élef anashím ba-ír.,There are a thousand people in the city.
fire,A1,fem,sing,אש,esh,יֵשׁ אֵשׁ בַּמְּדוּרָה.,Yesh esh bam’durá.,There is fire in the bonfire.
stone,A2,fem,sing,אבן,éven,יֵשׁ אֶבֶן גְּדוֹלָה בַּגַּן.,Yesh even gdolá ba-gan.,There is a big stone in the garden.
dust,A2,masc,sing,אבק,avák,יֵשׁ הַרְבֵּה אָבָק בַּחֶדֶר הַזֶּה.,Yesh harbé avak ba-cheder ha-ze.,There is a lot of dust in this room.
brother,A1,masc,sing,אח,aħ,יֵשׁ לִי אָח קָטָן.,Yesh li ach katan.,I have a little brother.
four,A1,fem,plur,ארבע,arbá,יֵשׁ לִי אַרְבַּע חֲתוּלִים.,Yesh li arbá ħatulím.,I have four cats.
daughter,A1,fem,sing,בת,bat,יֵשׁ לִי בַּת אַחַת.,Yesh li bat aħát.,I have one daughter.
cousin,A1,masc,sing,בן דוד,ben dod,יֵשׁ לִי בֶּן־דוֹד בְּנְיוּ־יוֹרְק.,Yesh li ben dod b’New York.,I have a cousin in New York.
son,A1,masc,sing,בן,ben,יֵשׁ לִי בֵּן אֶחָד.,Yesh li ben eħád.,I have one son.
finger,A1,fem,sing,אצבע,etsbá,יֵשׁ לִי חָמֵשׁ אֶצְבָּעוֹת בְּכָל יָד.,Yesh li ħamésh etzba’ót be-kol yad.,I have five fingers on each hand.
one,A1,masc,sing,אחד,eħád,יֵשׁ לִי תַּפּוּחַ אֶחָד.,Yesh li tapuach echad.,I have one apple.
one,A1,fem,sing,אחת,aħát,יֵשׁ לִי יַלְדָּה אַחַת.,Yesh li yalda achat.,I have one girl.
motorcycle,A2,masc,sing,אופנוע,ofanóa,יֵשׁ לוֹ אוֹפַּנּוֹעַ חָדָשׁ וּמָהִיר.,Yesh lo ofanoa chadash ve-mahir.,He has a new and fast motorcycle.
light (noun),A1,masc,sing,אור,or,יֵשׁ אוֹר בַּחֶדֶר.,Yesh or ba-cheder.,There is light in the room.
as a rule,A2,,,בדרך כלל,bdéreħ klal,בְּדֶרֶךְ כְּלָל הוּא לֹא מְאַחֵר.,X,"As a rule, he is not late."
beer,A2,fem,sing,בירה,bíra,אַתָּה רוֹצֶה לִשְׁתּוֹת בִּירָה?,X,Do you want to drink beer?
don't,A2,,,אל,al,אַל תֵּלֵךְ לְבַדֶּךָ בַּלַּיְלָה.,X,Don't walk alone at night.
garment,A2,masc,sing,בגד,béged,כָּל בֶּגֶד שֶׁהוּא לוֹבֵשׁ מְיֻחָד.,X,Every garment he wears is unique.
cemetery,A2,masc,sing,בית קברות,béit kvarót,הַסָּבְתָא קְבוּרָה בְּבֵית הַקְּבָרוֹת.,X,Grandmother is buried in the cemetery.
choose,A2,,,בחר,baħár,הוּא בָּחַר אֶת הַמָּנָה הָאֲהוּבָה עָלָיו.,X,He chose his favorite dish.
collect,A2,,,אסף,asáf,הוּא אָסַף כַּמָּה סֵפֶרִים מֵהַסִּפְרִיָּה.,X,He collected some books from the library.
intentionally,A2,,,בכוונה,b'ħavaná,הוּא עָשָׂה אֶת זֶה בְּכַוָּנָה.,X,He did it intentionally.
allergic,A2,,,אלרגי,alérgi,הוּא אַלֶּרְגִּי לָאֱגוֹזִים.,X,He is allergic to nuts.
because of,A2,,,בגלל,biglál,הוּא אֵיחֵר בִּגְלַל הַפַּקָּקִים.,X,He was late because of the traffic.
clear,A2,,,ברור,barúr,הַהֶסְבֵּר שֶׁלּוֹ הָיָה בָּרוּר.,X,His explanation was clear.
swimsuit,A2,masc,sing,בגד ים,béged yam,אֲנִי קָנִיתִי בֶּגֶד יָם חָדָשׁ.,X,I bought a new swimsuit.
without,A2,,,בלעדי,bil'adéi,"אֵין לִי זֶה, אֲבָל לְבַדִּי זֶה אִי אֶפְשָׁרִי.",X,"I don’t have this, but alone it’s impossible."
album,A2,masc,sing,אלבום,albóm,יֵשׁ לִי אַלְבּוֹם תְּמוּנוֹת מֵהַטִּיּוּל.,X,I have a photo album from the trip.
problem,A2,fem,sing,בעיה,biayá,יֵשׁ לִי בְּעָיָה עִם הַמַּחְשֵׁב.,X,I have a problem with the computer.
peanut,A2,masc,sing,בוטן,bóten,אֲנִי אוֹהֵב בָּטְנִים קָלוּיִים.,X,I love roasted peanuts.
allergy,A2,fem,sing,אלרגיה,alérgya,אֲנִי סוֹבֵל מֵאַלֶּרְגִּיָּה לְאַבְקַת פֵּרוּחִים.,X,I suffer from a pollen allergy.
bookshelf,A2,masc,sing,ארון ספרים,arón sfarím,הָאָרוֹן סְפָרִים שֶׁלִּי מָלֵא בְּסֵפֶרֵי מֶתֶחַ.,X,My bookshelf is full of mystery books.
"choice, election",A2,fem,sing,בחירה,bħirá,הַבְּחִירָה שֶׁלִּי הָיְתָה קָשָׁה.,X,My choice was difficult.
wallet,A2,masc,sing,ארנק,arnák,הַאֲרְנָק שֶׁלִּי אָבַד בַּקָּנְיוֹן.,X,My wallet was lost in the mall.
"health, healthiness",A2,fem,sing,בריאות,briút,הַבְּרִיאוּת שֶׁלָּנוּ חֲשׁוּבָה מְאוֹד.,X,Our health is very important.
bake,A2,,,אפה,afá,הִיא אָפְתָה עוּגָה לַיּוֹם הַהוּלֶדֶת.,X,She baked a cake for the birthday.
bagel,A2,masc,sing,בייגל,béigel,הִיא אוֹהֶבֶת לֶאֱכֹל בֵּייגֶּל עִם גְּבִינָה.,X,She likes eating a bagel with cheese.
blessing,A2,fem,sing,ברכה,braħá,הִיא אֲמָרָה לִי בְּרָכָה לְפָנֵי הָאֹכֶל.,X,She said a blessing before eating.
request,A2,fem,sing,בקשה,bakashá,הִיא עָשְׂתָה בַּקָּשָׁה לִקְבָּלַת עֲבוֹדָה.,X,She submitted a job application.
"certainly, surely",A2,,,בוודאי,bvadái ,הִיא תָּבוֹא לְבַדַּאי לַחֲתֻנָּה.,X,She will definitely come to the wedding.
"prohibited, forbidden",A2,,,אסור,asúr,אָסוּר לְעָשֵׁן בַּמִּסְעָדָה.,X,Smoking is prohibited in the restaurant.
beaver,A2,masc,sing,בונה,boné,הַבּוֹנֶה בּוֹנֶה סָכָּה עַל הַנָּהָר.,X,The beaver is building a dam on the river.
building,A2,masc,sing,בניין,binyán,הַבִּנְיָן גָּבוֹהַּ וּמַרְשִׁים.,X,The building is tall and impressive.
capital,A2,fem,sing,בירה,birá,הַבִּירָה שֶׁל פּוֹלִין הִיא וַרְשָׁה.,X,The capital of Poland is Warsaw.
outside,A2,,,בחוץ,baħúts,הַיֶּלֶד מְשַׂחֵק בַּחוּץ.,X,The child is playing outside.
duckling,A2,masc,sing,ברווזון,barvazón,הַבַּרְוָזוֹן שׁוֹחֶה בָּאֲגַם.,X,The duckling is swimming in the lake.
"lightning, shine",A2,masc,sing,ברק,barák,הַבָּרָק הָאִיר אֶת הַשָּׁמַיִם.,X,The lightning lit up the sky.
lion,A2,masc,sing,אריה,aryé,הָאַרְיֵה נִמְצָא בַּגַּן הַחַיּוֹת.,X,The lion is in the zoo.
base,A2,masc,sing,בסיס,basís,הַבָּסִיס הַצְּבָאִי נִמְצָא בַּמִּדְבָּר.,X,The military base is located in the desert.
for free,A2,,,בחינם,bħinám,הַכַּרְטִיסִים לַסֶּרֶט הָיוּ בְּחִנָּם.,X,The movie tickets were free.
"hole, pit",A2,masc,sing,בור,bór,הַבּוֹר עָמֹק וְמָלֵא מַיִם.,X,The pit is deep and full of water.
stamp,A2,masc,sing,בול,bul,הַדּוֹאַר שָׁלַח לִי בּוּל חָדָשׁ.,X,The post office sent me a new stamp.
prison,A2,masc,sing,בית סוהר,béit sóhar,הָאִסִּיר שָׁהָה בְּבֵית הַסֹּהַר.,X,The prisoner stayed in prison.
stadium,A2,masc,sing,אצטדיון,itstadyón,הָאִיצְטַדְיוֹן מָלֵא בְּאוֹהֲדִים.,X,The stadium is full of fans.
"just, exactly",A2,,,בדיוק,bdiyúk,הַשָּׁעָה בְּדִיּוּק שֵׁשׁ.,X,The time is exactly six.
toilet,A2,fem,sing,אסלה,aslá,הָאַסְלָה בַּחֶדֶר שֶׁמִּמּוּל.,X,The toilet is in the room across.
court,A2,masc,sing,בית משפט,béit mishpát,הַמִּשְׁפָּט נֶעֱרַךְ בְּבֵית הַמִּשְׁפָּט הָעִירוֹנִי.,X,The trial was held in the city courthouse.
truth,A2,fem,sing,אמת,emét,הָאֱמֶת תָּמִיד חֲשׁוּבָה.,X,The truth is always important.
build,A2,,,בנה,baná,הַפּוֹעֵל בָּנָה בַּיִת חָדָשׁ.,X,The worker built a new house.
"US, the",A2,fem,plur,ארה״ב,"arhá""v",בְּאַרְה״ב יֵשׁ הַרְבֵּה עֵרִים גְּדוֹלוֹת.,X,There are many big cities in the US.
possibility,A2,fem,sing,אפשרות,efsharút,יֵשׁ אֶפְשָׁרוּת לְנָסִיעָה מָחָר.,X,There is a possibility of traveling tomorrow.
animal (rare),A2,masc,sing,בעל חיים,báal ħayím,בַּגַּן חַיּוֹת יֵשׁ בַּעַל חַיִּים מְיֻחָד.,X,There is a special animal in the zoo.
especially,A2,,,במיוחד,bimyuħád,הַסֵּפֶר הַזֶּה מְיֻחָד בִּמְיֻחָד.,X,This book is especially unique.
blond,A2,,,בלונדיני,blondíni,הַיֶּלֶד הַזֶּה בְּלוֹנְדִּינִי וְיַפֶה.,X,This boy is blond and handsome.
healthy,A2,,,בריא,barí,הָאוֹכֶל הַזֶּה בָּרִיא מְאוֹד.,X,This food is very healthy.
basic,A2,masc,sing,בסיסי,bsisí,הַרְעָיוֹן הַזֶּה בְּסִיסִי מְאוֹד.,X,This idea is very basic.
"true, truthful",A2,,,אמיתי,amití,זֶה סִפּוּר אֲמִתִּי וְלֹא בְּדִיּוֹן.,X,"This is a true story, not fiction."
most (formal),A2,,,ביותר,byotér,זֶה הַמָּקוֹם הַיָּפֶה בְּיוֹתֵר שֶׁרָאִיתִי.,X,This is the most beautiful place I have seen.
plushie,A2,fem,sing,בובה,bubá,הַבֻּבָּה הַזֹּאת מְאֹד רַכָּה.,X,This plushie is very soft.
bar,A2,masc,sing,בר,bar,הַלַּיְלָה נֵצֵא לַבָּר הֶחָדָשׁ.,X,"Tonight, we will go to the new bar."
on the way,A2,,,בדרך,badéreħ,אֲנַחְנוּ כְּבָר בַּדֶּרֶךְ לָשִׂיחָה.,X,We are already on the way to the meeting.
pharmacy,A2,masc,sing,בית מרקחת,béit mirkáħat,הָלַכְנוּ לְבֵית הַמִּרְקַחַת לִקְנוֹת תְּרוּפָה.,X,We went to the pharmacy to buy medicine.
welcome,A2,masc,sing,ברוך הבא,barúħ habá,בָּרוּךְ הַבָּא לְבֵיתִי!,X,Welcome to my home!
welcome,A2,fem,plur,ברוכות הבאות,bruħót habaót,בְּרוּכוֹת הַבָּאוֹת לַכִּנּוּס.,X,Welcome to the conference.
welcome,A2,masc,plur,ברוכים הבאים,bruħím habaím,בְּרוּכִים הַבָּאִים לַמּוֹפָע.,X,Welcome to the show.
welcome,A2,fem,sing,ברוכה הבאה,bruħá habaá,בְּרוּכָה הַבָּאָה לַחֲתֻנָּה.,X,Welcome to the wedding.
prototype,B2,masc,sing,אב טיפוס,av tipús,,,
loss (of an item),A2,fem,sing,אבדה,avedá,,,
devastation,C1,masc,sing,אבדון,avadón,,,
evolution,B2,fem,sing,אבולוציה,evolútsya,,,
gemstone,B2,fem,sing,אבן יקרה,éven ykará,,,
stumbling stone,C1,fem,sing,אבן נגף,éven négef,,,
lithium,C2,masc,sing,אבנן,avnán,,,
chicken pox,B2,fem,plur,"אבעבועות רוח",avabuót rúaħ,,,
powder,B1,fem,sing,אבקה,avká,,,
"legend, myth",B1,fem,sing,אגדה,agadá,,,
"steam, vapor",B1,masc,sing,אד,ed,,,
lord,B2,masc,sing,אדון,adón,,,
my lord,B2,masc,sing,אדוני,adonái,,,
architect,B1,masc,sing,אדריכל,adriħál,,,
architecture,B2,fem,sing,אדריכלות,adriħalút,,,
objective,B2,,,אובייקטיבי,obyektívi,,,
atmosphere,B1,fem,sing,אווירה,avirá,,,
autonomy,B2,fem,sing,אוטונומיה,otonómya,,,
enemy,B1,masc,sing,אויב,oyév,,,
ultimate,B2,,,אולטימטיבי,ultimatívi,,,
"studio, ulpan, Hebrew school",B1,masc,sing,אולפן,ulpán,,,
craftsman,B1,masc,sing,אומן,umán,,,
"craft, skill",B1,fem,sing,אומנות,umanút,,,
collection,B1,masc,sing,אוסף,ósef,,,
opposition,B2,fem,sing,אופוזיציה,opozítsya,,,
optimistic,B1,,,אופטימי,optími,,,
optimal,B2,,,אופטימלי,optimáli,,,
"way, manner",B1,masc,sing,אופן,ófen,,,
option,B2,fem,sing,אופציה,óptsia,,,
opera,B1,fem,sing,אופרה,ópera,,,
treasure,B1,masc,sing,אוצר,otsár,,,
ocean,B1,masc,sing,אוקיינוס,okyanós,,,
organic,B2,,,אורגני,orgáni,,,
orthodox,B2,,,אורתודוקסי,ortodóksi,,,
unity,B1,fem,sing,אחדות,aħdút,,,
brotherhood,B2,fem,sing,אחווה,aħavá,,,
responsible,B1,,,אחראי,aħrai,,,
responsibility,B1,fem,sing,אחריות,aħarayút,,,
atomic,B2,,,אטומי,atomí,,,
loss (of an item),B2,masc,sing,איבוד,ibúd,,,
ideal (noun),B2,masc,sing,אידיאל,ideál,,,
ideal (adjective),B2,,,אידיאלי,ideali,,,
Yiddish,B1,fem,sing,אידיש,ídish,,,
threat,B2,masc,sing,איום,iyum,,,
"terror, horror",B2,fem,sing,אימה,éima,,,
empire,B2,fem,sing,אימפריה,imperyá,,,
"internet, online",B1,,,אינטרנטי,internéti,,,
"prohibition, ban",B2,masc,sing,איסור,isúr,,,
"event, function",B1,masc,sing,אירוע,erúa,,,
businessman,B1,masc,sing,"איש עסקים",ish asakím,,,
"pupil, little man",B2,masc,sing,אישון,ishón,,,
"personal, private",B1,,,אישי,ishí,,,
personality,B2,fem,sing,אישיות,ishiyút,,,
"god, strength",B1,masc,sing,אל,el,,,
"god, our",B2,masc,sing,אלוהינו,elohéinu,,,
violent,B1,,,אלים,alím,,,
violence,B1,fem,sing,אלימות,alimút,,,
verbal abuse,B2,fem,sing,אלימות מילולית,alimút milulít,,,
mute,C1,masc,sing,אלם,ilém,,,
"belief, faith",B1,fem,sing,אמונה,emuná,,,
saying,B1,fem,sing,אמירה,amirá,,,
art,B1,fem,sing,אמנות,omanút,,,
artistic,B2,,,אמנותי,omanutí,,,
truly,B2,,,אמנם,omnám,,,
empathy,B2,fem,sing,אמפתיה,empatiá,,,
selfish,C1,,,אנוכי,anoħí,,,
humanity,B2,fem,sing,אנושׁות,enoshút,,,
human,B1,masc,sing,אנושי,enoshí,,,
antisemitic,B1,,,אנטישמי,antishémi,,,
energy,B1,fem,sing,אנרגיה,energiya,,,
strategy,B2,fem,sing,אסטרטגיה,astratégya,,,
prisoner,B1,masc,sing,אסיר,asír,,,
Islam,B1,masc,sing,אסלאם,islám,,,
Islamic,B2,,,אסלאמי,islámi,,,
"prohibit, imprison",B1,,,אסר,asár,,,
even,B1,,,אפילו,afilú,,,
effect,B2,masc,sing,אפקט,efékt,,,
effective,B2,,,אפקטיבי,efektívi,,,
ash,B1,masc,sing,אפר,éfer,,,
possible,B1,,,אפשרי,efsharí,,,
thimble,C1,masc,sing,אצבעון,etsbaón,,,
academic,B2,,,אקדמי,akadémi,,,
academy,B2,fem,sing,אקדמיה,akadémya,,,
climate,B1,masc,sing,אקלים,aklím,,,
cedar,B1,masc,sing,ארז,érez,,,
architecture,B2,fem,sing,ארכיטקטורה,arħitektúra,,,
"visa, permit",B1,fem,sing,אשרה,ashrá,,,
atheism,B2,masc,sing,אתאיזם,ateízm,,,
bummer,B1,fem,sing,באסה,bása,,,
loneliness,B1,fem,sing,בדידות,bdidút,,,
beast,B1,fem,sing,בהמה,behemá,,,
lonely,B1,masc,sing,בּוֹדֵד,bodéd,,,
"isolation, quarantine",B1,masc,sing,בידוד,bidúd,,,
biology,B1,fem,sing,ביולוגיה,biyológya,,,
stage,B1,fem,sing,בימה,bimá,,,
medium,B1,masc,sing,בינוני,benoní,,,
international,B1,,,בינלאומי,beinl'umí,,,
lower house,B1,,,"בית הנבחרים",béit hanivħarím,,,
factory,B1,masc,sing,בית חרושת,béit ħaróshet,,,
every,B1,,,בכל,beħól,,,
anyway,B1,,,"בכל אופן",beħól ófen,,,
builder,B1,masc,sing,בנאי,banái,,,
"regarding, about",B1,,,בנושא‎,benosé,,,
"city hall, town hall",B1,,,"בניין עירייה",binyán iriyá,,,
central bank,B1,masc,sing,בנק מרכזי,bank merkazí,,,
problematic,B1,,,בעייתי,biayatí,,,
aloud,B1,,,בקול רם,bkól ram,,,
control,B2,fem,sing,בקרה,bakará,,,
climate control,B2,fem,sing,בקרת אקלים,bakarát aklím,,,
"outside, wilderness",B1,,,בר,bar,,,
"pure, clean",B1,,,בר,bar,,,
lucky,B1,,,בר מזל,bar mazál,,,
blessed,B1,,,ברוך,barúħ,,,
iron,B1,masc,sing,ברזל,barzél,,,
health-related,B1,,,בריאותי,b'ri'utí,,,
"covenant, alliance",B1,fem,sing,ברית,brit,,,
virgin,,masc,sing,בתול,batúl,,,
virgin,,fem,sing,בתולה,betulá,,,
"proud, gay",,,,גאה,geé,,,
geography,,fem,sing,גאוגרפיה,geográfya,,,
pride,,fem,sing,גאווה,gaavá,,,
geometry,,fem,sing,גאומטריה,geométrya,,,
back,,masc,sing,גב,gav,,,
"tall, high",,,,גבוה,gavóa,,,
cheese,,fem,sing,גבינה,gviná,,,
cream cheese,,fem,sing,גבינת שמנת,gvinát shaménet,,,
hill,,fem,sing,גבעה,givá,,,
man,,masc,sing,גבר,géver,,,
manly,,,,גברי,gavrí,,,
"big, great",,,,גדול,gadól,,,
growth,,fem,sing,גְדִילָה,gdilá,,,
grow (intransitive),,,,גדל,gadál,,,
"tallness, height",,masc,sing,גובה,góva,,,
"size, greatness",,masc,sing,גודל,gódel,,,
body,,masc,sing,גוף,guf,,,
"bodily, physical",,,,גופני,gufaní,,,
cub,,masc,sing,גור,gur,,,
kitten,,masc,sing,גור חתולים,gur ħatulím,,,
skyscraper,,masc,sing,גורד שחקים,goréd shakím,,,
"fate, destiny",,masc,sing,גורל,goral,,,
fateful,,,,גורלי,goralí,,,
gas,,masc,sing,גז,gaz,,,
"race, tree trunk, stem",,masc,sing,גזע,géza,,,
racism,,fem,sing,גזענות,gizanút,,,
racist,,,,גזעני,gizaní,,,
valley,,masc,sing,גיא,géi,,,
hero,,masc,sing,גיבור,gibór,,,
heroic,,,,גיבור,gibór,,,
grow (transitive),,,,גידל,gidél,,,
hell,,masc,sing,גיהנום,gehinóm,,,
guitar,,fem,sing,גיטרה,gitára,,,
garden,,fem,sing,גינה,giná,,,
wave,,masc,sing,גל,gal,,,
heat wave,,masc,sing,גל חום,gal ħom,,,
sound wave,,masc,sing,גל קול,gal kol,,,
wheel,,masc,sing,גלגל,gálgal,,,
gear,,masc,sing,גלגל שיניים,galgál shináyim,,,
"scab, crust",,masc,sing,גלד,géled,,,
pill,,fem,sing,גלולה,glulá,,,
ice cream,,fem,sing,גלידה,glidá,,,
kernel,,masc,sing,גלעין,gal'ín,,,
galaxy,,fem,sing,גלקסיה,galaksia,,,
"also, too",,,,גם,gam,,,
bell pepper,,fem,sing,גמבה,gámba,,,
garden,,masc,sing,גן,gan,,,
gene,,masc,sing,גן,gen,,,
kindergarten,,masc,sing,גן ילדים,gan y'ladím,,,
thief,,masc,sing,גנב,ganáv,,,
gardener,,masc,sing,גנן,ganán,,,
vine,,fem,sing,גפן,géfen,,,
foreigner,,masc,sing,גר,ger,,,
sock,,all,sing,גרב,gérev,,,
nucleus,,masc,sing,גרעין,garín,,,
nuclear,,,,גרעיני,gariní,,,
rainy,,,,גשום,gashúm,,,
rain (ordinary),,masc,sing,גשם,géshem,,,
leader,,masc,sing,דבר,dabár,,,
plague,,masc,sing,דבר,déver,,,
"thing, item",,masc,sing,דבר,davár,,,
fish (noun),,masc,sing,דג,dag,,,
flag,,masc,sing,דגל,dégel,,,
bisexual,,,,דו מיני,du miní,,,
ambiguous,,masc,sing,דו משמעי,dú mashmaí,,,
mail,,masc,sing,דואר,dóar,,,
junk mail,,masc,sing,דואר זבל,dóar zével,,,
bear,,masc,sing,דוב,dov,,,
actually,,,,דווקא,dávka,,,
doctrine,,fem,sing,דוקטרינה,doktrina,,,
generation,,masc,sing,דור,dor,,,
generational,,,,דורי,dorí,,,
enough,,,,די,dái,,,
speak,,,,דיבר,dibér,,,
digital,,,,דיגיטלי,digitáli,,,
discussion,,masc,sing,דיון,diyún,,,
precision,,,,דיוק,diyúk,,,
fisherman,,masc,sing,דייג,dayág,,,
depression,,masc,sing,דיכאון,dikaón,,,
law,,masc,sing,דין,din,,,
dictator,,masc,sing,דיקטטור,diktator,,,
dictatorship,,fem,sing,דיקטטורה,diktatura,,,
apartment,,fem,sing,דירה,dirá,,,
fuel,,masc,sing,דלק,délek,,,
door,,fem,sing,דלת,délet,,,
blood,,masc,sing,דם,dam,,,
democratic,,,,דמוקרטי,demokráti,,,
democracy,,fem,sing,דמוקרטיה,demokrátya,,,
opinion,,fem,sing,דעה,deá,,,
"mind, understanding",,fem,sing,דעת,dáat,,,
page,,masc,sing,דף,daf,,,
"thin, skinny",,,,דק,dak,,,
grammar,,masc,sing,דקדוק,dikdúk,,,
grammatical,,,,דקדוקי,dikdukí,,,
minute,,fem,sing,דקה,daká,,,
stab,,,,דקר,dakár,,,
escalator,,masc,sing,דרגנוע,dragnóa,,,
south,,masc,sing,דרום,daróm,,,
southern,,,,דרומי,dromí,,,
"road, way",,masc,sing,דרך,déreħ,,,
through,,,,דרך,déreħ,,,
passport,,masc,sing,דרכון,darkón,,,
religion,,fem,sing,דת,dat,,,
religious,,,,דתי,datí,,,
the,,,,ה,ha,,,
United Nations,,fem,plur,האומות המאוחדות,haumót hameuħadót,,,
do (yes-no question),,,,האם,haím,,,
"distinction, difference",,masc,sing,הבדל,hevdél,,,
promise (noun),,fem,sing,הבטחה,havtaħá,,,
understand,,,,הבין,hevín,,,
"home, homeward",,,,הביתה,habáyta,,,
understanding,,fem,sing,הבנה,havaná,,,
"New Testament, the",,fem,sing,הברית החדשה,habrít haħadashá,,,
reaction,,fem,sing,הגבה,hagava,,,
"telling, Haggadah",,fem,sing,הגדה,hagadá,,,
arrive,,,,הגיע,higía,,,
"protection, defense",,fem,sing,הגנה,haganá,,,
arrival,,fem,sing,הגעה,hagaa,,,
that,,masc,sing,ההוא,hahú,,,
he,,masc,sing,הוא,hu,,,
birth,,fem,sing,הולדת,hulédet,,,
"capital, wealth",,masc,sing,הון,hon,,,
parent,,masc,sing,הורה,horé,,,
"take down, download",,,,הוריד,horíd,,,
hurricane,,masc,sing,הוריקן,húrikan,,,
opportunity,,fem,sing,הִזדַמְנוּת,hizdamnút,,,
"invite, order",,,,הזמין,hizmín,,,
invitation,,fem,sing,הזמנה,hazmana,,,
"begin, start",,,,החל,heħél,,,
decision,,fem,sing,החלטה,haħlatá,,,
decide,,,,החליט,heħlít,,,
she,,fem,sing,היא,hi,,,
immigrate,,,,היגר,higer,,,
today,,,,היום,hayóm,,,
hit (verb),,,,היכה,hiká,,,
palace,,masc,sing,היכל,heiħál,,,
"Mediterranean Sea, the",,masc,sing,הים התיכון,hayám hatiħón,,,
history,,fem,sing,היסטוריה,história,,,
pregnancy,,masc,sing,היריון,herayón,,,
survival,,fem,sing,הישרדות,hisardút,,,
most (informal),,,,הכי,haħí,,,
contain,,,,הכיל,heħíl,,,
everything,,,,הכל,hakól,,,
preparation,,fem,sing,הכנה,haħaná,,,
don't (yes-no question),,,,הלא,haló,,,
tonight,,,,הלילה,haláyla,,,
they,,masc,plur,הם,hem,,,
"a lot, mass",,masc,sing,המון,hamón,,,
"Middle East, the",,masc,sing,המזרח התיכון,ha'mizráħ ha'tiħón,,,
invention,,fem,sing,המצאה,hamtsaá,,,
invent,,,,המציא,himtsí,,,
"Bible, the",,masc,sing,המקרא,hamikrá,,,
engineering,,fem,sing,הנדסה,handasá,,,
assumption,,fem,sing,הנחה,hanaħa,,,
assume,,,,הניח,heníaħ,,,
explain,,,,הסביר,hisbír,,,
explanation,,masc,sing,הסבר,hesbér,,,
agreement,,masc,sing,הסכם,heském,,,
power (electric),,masc,sing,הספק,hespék,,,
"turn, turn around",,,,הסתובב,histovév,,,
become,,,,הפך,hafáħ,,,
opposite (noun),,masc,sing,הפך,héfeħ,,,
"miscarriage, abortion",,fem,sing,הפלה,hapalá,,,
loss (of a game),,masc,sing,הפסד,hefséd,,,
lose (a game),,,,הפסיד,hifsíd,,,
"break, pause",,fem,sing,הפסקה,hafsaká,,,
surprise (verb),,,,הפתיע,hiftía,,,
surprise (noun),,fem,sing,הפתעה,haftaá,,,
be sorry,,,,הצטער,hitstaér,,,
mountain,,masc,sing,הר,har,,,
volcano,,masc,sing,הר געש,har gáash,,,
mesa,,masc,sing,הר שולחן,har shulħán,,,
"a lot, many",,,,הרבה,harbé,,,
feel,,,,הרגיש,hirgísh,,,
pregnant,,fem,sing,הרה,hará,,,
"wear, put on (glasses)",,,,הרכיב,hirkív,,,
worsen,,,,הרע,heréa,,,
snow (verb),,,,השליג,hishlíg,,,
destruction,,fem,sing,השמדה,hashmadá,,,
genocide,,fem,sing,השמדת עם,hashmadát am,,,
"influence, impact",,fem,sing,השפעה,hashpa'á,,,
investment,,fem,sing,השקעה,hashkaá,,,
"be crazy, go crazy",,,,השתגע,hishtagéa,,,
change (intransitive),,,,השתנה,hishtaná,,,
suicide,,fem,sing,התאבדות,hitabdút,,,
argue,,,,התווכח,hitvakéaħ,,,
"start, begin",,,,התחיל,hitħíl,,,
"behave, act",,,,התנהג,hitnahég,,,
development,,fem,sing,התפתחות,hitpatħút,,,
heart attack,,masc,sing,התקף לב,hetkef lev,,,
attack (noun),,fem,sing,התקפה,hatkafá,,,
"media, the",,fem,sing,התקשורת,ha'tikshorét,,,
and,,,,ו,v,,,
certain,,,,ודאי,vadaí,,,
video,,masc,sing,וידאו,vídeo,,,
argument,,masc,sing,ויכוח,vikúaħ,,,
Vienna,,fem,sing,וינה,vína,,,
jargon,,masc,sing,ז׳רגון,zhargón,,,
wolf,,masc,sing,זאב,ziév,,,
fly (insect),,masc,sing,זבוב,zvuv,,,
"trash, garbage",,masc,sing,זבל,zével,,,
zebra,,fem,sing,זברה,zébra,,,
this,,masc,sing,זה,ze,,,
gold,,masc,sing,זהב,zaháv,,,
caterpillar,,masc,sing,זחל,záħal,,,
pollution,,masc,sing,זיהום,zihúm,,,
memory,,masc,sing,זיכרון,zikarón,,,
"dick, cock",,masc,sing,זין,záyin,,,
olive,,masc,sing,זית,záyit,,,
pure,,,,זך,zaħ,,,
glass (material),,fem,sing,זכוכית,zħuħít,,,
purity,,fem,sing,זכות,zakút,,,
right (noun),,fem,sing,זכות,zħút,,,
human right,,fem,sing,זכות אדם,zħút adám,,,
male,,,,זכר,zaħár,,,
"time, tense",,masc,sing,זמן,zman,,,
beard,,masc,sing,זקן,zakán,,,
"old, elderly",,,,זקן,zakén,,,
"quick, agile",,,,זריז,zaríz,,,
"package, parcel",,fem,sing,חבילה,ħavilá,,,
rope,,masc,sing,חבל,ħével,,,
"damage, wound",,fem,sing,חבלה,ħabalá,,,
trauma,,fem,sing,חבלה,ħavalá,,,
"friend, boyfriend",,masc,sing,חבר,ħavér,,,
company,,fem,sing,חברה,ħevrá,,,
"friend, girlfriend",,fem,sing,חברה,ħaverá,,,
"wear, put on (a hat)",,,,חבש,ħavásh,,,
holiday,,masc,sing,חג,ħag,,,
Christmas,,masc,sing,חג המולד,ħag hamolád,,,
unicycle,,masc,sing,חד אופן,ħad ófen,,,
unambiguous,,,,חד משמעי,ħad mashmaí,,,
one-sided,,,,חד צדדי,ħad tsdadí,,,
room,,masc,sing,חדר,ħéder,,,
dining room,,masc,sing,חדר אוכל,ħadár óħel ,,,
guest room,,masc,sing,חדר אורחים,ħadár orħím,,,
bathroom,,masc,sing,חדר אמבטיה,ħadár ambátya,,,
bedroom,,masc,sing,חדר שינה‎,ħadár shená,,,
new,,,,חדש,ħadásh,,,
"news, the",,fem,plur,חדשות,ħadashót,,,
month,,masc,sing,חודש,ħódesh,,,
Eve,,fem,sing,חוה,ħavá,,,
farm,,fem,sing,חווה,ħavá,,,
strength,,masc,sing,חוזק,ħózek,,,
"string, wire, thread",,masc,sing,חוט,ħut,,,
wisdom,,fem,sing,חוכמה,ħoħmá,,,
sand,,masc,sing,חול,ħol,,,
sick,,,,חולה,ħolé,,,
"sickly, unhealthy",,,,חולני,ħolaní,,,
shirt,,fem,sing,חולצה,ħultsá,,,
heat,,masc,sing,חום,ħom,,,
hummus,,masc,sing,חומוס,ħúmus,,,
vinegar,,masc,sing,חומץ,ħómets,,,
acid,,fem,sing,חומצה,ħumtsá,,,
acidity,,fem,sing,חומציות,ħumtsiyút,,,
citric acid,,fem,sing,"חומצת לימון",ħumtsát limón,,,
lack (noun),,masc,sing,חוסר,ħóser,,,
beach,,masc,sing,חוף,ħof,,,
"freedom, vacation",,masc,sing,חופש,ħófesh,,,
vacation,,fem,sing,חופשה,ħufshá,,,
"free, liberated",,,,חופשי,ħofshí,,,
outside,,,,חוץ,ħúts,,,
Jewish visitor from abroad,,masc,sing,חוצניק,ħútsnik,,,
law,,masc,sing,חוק,ħok,,,
"legal, lawful",,masc,sing,חוקי,ħukí,,,
destruction,,masc,sing,חורבן,ħurbán,,,
winter,,masc,sing,חורף,ħóref,,,
sense,,masc,sing,חוש,ħúsh,,,
darkness,,masc,sing,חושך,ħósheħ,,,
chest,,masc,sing,חזה,ħazé,,,
"vision, goal",,masc,sing,חזון,ħazón,,,
pig,,masc,sing,חזיר,ħazír,,,
strong,,,,חזק,ħazák,,,
alive,,masc,sing,חי,ħái,,,
animal (common),,fem,sing,חיה,ħayá,,,
wiring,,fem,sing,חיווט,ħivút,,,
soldier,,masc,sing,חייל,ħayál,,,
life,,fem,plur,חיים,ħayím,,,
private life,,fem,plur,חיים פרטיים,ħayím pratiyím,,,
sensor,,masc,sing,חיישן,ħaishán,,,
wild animal,,fem,sing,חיית בר,ħayát bár,,,
pet,,fem,sing,חיית מחמד,ħayát maħmád,,,
"corps, army",,masc,sing,חיל,ħáyil,,,
air force,,masc,sing,חיל אוויר,ħeil avír,,,
secular,,,,חילוני,ħiloni,,,
chickpea,,fem,sing,חימצה,ħimtsá,,,
education,,masc,sing,חינוך,ħinúħ,,,
physical education,,masc,sing,חינוך גופני,ħinúħ gufaní,,,
educational,,,,חינוכי,ħinuħí,,,
"free, for free",,,,חינם,ħinám,,,
"disadvantage, drawback",,masc,sing,חיסרון,ħisarón,,,
search (noun),,masc,sing,חיפוש,ħipús,,,
emergency,,masc,sing,חירום,ħerúm,,,
wise,,masc,sing,חכם,ħaħám,,,
milk (noun),,masc,sing,חלב,ħaláv,,,
challah,,fem,sing,חלה,ħalá,,,
hollow,,,,חלול,ħalúl,,,
dream (noun),,masc,sing,חלום,ħalóm,,,
window,,masc,sing,חלון,ħalón,,,
"flute, pipe",,masc,sing,חליל,ħalíl,,,
suit,,fem,sing,חליפה,ħalifá,,,
"space, outer space",,masc,sing,חלל,ħalál,,,
spaceship,,fem,sing,חללית,ħalalít,,,
dream (verb),,,,חלם,ħalám,,,
"part, piece",,masc,sing,חלק,ħélek,,,
partial,,,,חלקי,ħelkí,,,
hot,,,,חם,ħam,,,
butter,,fem,sing,חמאה,ħemá,,,
peanut butter,,fem,sing,חמאת בוטנים,ħemát botním,,,
"cute, sweet",,,,חמוד,ħamúd,,,
sour,,,,חמוץ,ħamúts,,,
fifth,,,,חמישי,ħamishí,,,
oxygen,,masc,sing,חמצן,ħamtsán,,,
five,,,,חמש,ħamésh,,,
park (verb),,,,חנה,ħaná,,,
Hanukkah,,fem,sing,חנוכה,ħanuká,,,
hanukkiah,,fem,sing,חנוכייה,ħanukiyá,,,
merciful,,,,חנון,ħanún,,,
"store, shop",,fem,sing,חנות,ħanút,,,
bookstore,,fem,sing,חנות ספרים,ħanút sfarím,,,
parking lot,,masc,sing,חניון,ħanyón,,,
"object, item",,masc,sing,חפץ,ħéfets,,,
peninsula,,masc,sing,חצי אי,ħatsíi,,,
investigation,,fem,sing,חקירה,ħakirá,,,
agriculture,,fem,sing,חקלאות,ħaklaút,,,
agricultural,,,,חקלאי,ħaklaí,,,
"study, investigate",,,,חקר,ħakár,,,
"study, investigation",,masc,sing,חקר,ħéker,,,
study of fish,,masc,sing,"חקר הדגים",ħéker hadagím,,,
sword,,fem,sing,חרב,ħérev,,,
regret (noun),,fem,sing,חרטה,ħaratá,,,
"excommunication, taboo",,masc,sing,חרם,ħerem,,,
think,,,,חשב,ħasháv,,,
"account, bill",,masc,sing,חשבון,ħeshbón,,,
important,,,,חשוב,ħashúv,,,
dark,,,,חשוך,ħashúħ,,,
importance,,fem,sing,חשיבות,ħashivút,,,
electricity,,masc,sing,חשמל,ħashmál,,,
electric,,,,חשמלי,ħashmalí,,,
tram,,fem,sing,חשמלית,ħashmalít,,,
cat,,masc,sing,חתול,ħatúl,,,
attractive man,,masc,sing,חתיך,ħatíħ,,,
"piece, attractive woman",,fem,sing,חתיכה,ħatiħá,,,
kitten,,masc,sing,חתלתול,ħatal'túl,,,
nature,,masc,sing,טבע,téva,,,
vegan,,,,טבעוני,tivoní,,,
natural,,,,טבעי,tiví,,,
good,,,,טוב,tov,,,
goodness,,masc,sing,טוב,tuv,,,
french fries,,masc,plur,טוגנים,tuganím,,,
tornado,,masc,sing,טורנדו,tornádo,,,
ink,,masc,sing,טוש,tush,,,
windmill,,fem,sing,טחנת רוח,taħanát rúaħ,,,
frying,,masc,sing,טיגון,tigún,,,
"walk, hike (noun)",,masc,sing,טיול,tiyúl,,,
pilot,,masc,sing,טייס,tayás,,,
"care, treatment",,masc,sing,טיפול,tipúl,,,
"type, model",,masc,sing,טיפוס,típus,,,
fool,,masc,sing,טיפש,tipésh,,,
recruit (noun),,masc,sing,טירון,tirón,,,
lamb,,masc,sing,טלה,talé,,,
"television, TV",,fem,sing,טלוויזיה,televízya,,,
"telephone, phone",,masc,sing,טלפון,télefon,,,
temperature,,fem,sing,טמפרטורה,temperatúra,,,
tank,,masc,sing,טנק,tank,,,
"tasty, delicious",,,,טעים,taím,,,
taste,,masc,sing,טעם,táam,,,
text (noun),,masc,sing,טקסט,tekst,,,
dry (adjective),,,,יבש,yavésh,,,
continent,,fem,sing,יבשת,yabéshet,,,
"hand, arm",,fem,sing,יד,yad,,,
friend (rare),,masc,sing,ידיד,yadíd,,,
friendship,,fem,sing,ידידות,ydidút,,,
friendly,,,,ידידותי,ydidutí,,,
know,,,,ידע,yadá,,,
Judaism,,fem,sing,יהדות,yahadút,,,
Jewish,,,,יהודי,yhudí,,,
diamond,,masc,sing,יהלום,yahalóm,,,
day,,masc,sing,יום,yom,,,
birthday,,masc,sing,יום הולדת,yom hulédet,,,
weekday,,masc,sing,יום חול,yom ħol,,,
Thursday,,masc,sing,יום חמישי,yom ħamishí,,,
Sunday,,masc,sing,יום ראשון,yom rishón,,,
Wednesday,,masc,sing,יום רביעי,yom rvií,,,
Saturday,,masc,sing,יום שבת,yom shabát,,,
Friday,,masc,sing,יום שישי,yom shishí,,,
Tuesday,,masc,sing,יום שלישי,yom shlishí,,,
Monday,,masc,sing,יום שני,yom shení,,,
diary,,masc,sing,יומן,yomán,,,
dove,,fem,sing,יונה,yoná,,,
"beauty, niceness",,masc,sing,יופי,yófi,,,
be created,,,,יוצר,yutsár,,,
"creator, potter",,masc,sing,יוצר,yotsér,,,
inhabitant,,masc,sing,יושב,yoshév,,,
more,,,,יותר,yotér,,,
too much,,,,יותר מדי,yotér midái,,,
individual,,masc,sing,יחיד,yaħíd,,,
unit,,fem,sing,יחידה,yħidá,,,
"relation, relationship",,masc,sing,יחס,yáħas,,,
wine,,masc,sing,יין,yáin,,,
settlement,,masc,sing,יישוב,yishúv,,,
ability,,fem,sing,יכולת,yħólet,,,
"boy, child",,masc,sing,ילד,yéled,,,
girl,,fem,sing,ילדה,yaldá,,,
"sea, ocean",,masc,sing,ים,yam,,,
"Dead Sea, the",,masc,sing,ים המלח,yam hamélaħ,,,
"Red Sea, the",,masc,sing,ים סוף,yam suf,,,
seaman,,masc,sing,ימאי,yamaí,,,
right side,,fem,sing,ימין,yamín,,,
right (adjective),,,,ימני,yemaní,,,
owl,,masc,sing,ינשוף,yanshúf,,,
forest,,masc,sing,יער,yaár,,,
"beautiful, nice",,,,יפה,yafé,,,
"leave, come out",,,,יצא,yatsá,,,
"creature, organism",,masc,sing,יצור,yetsúr,,,
"exit, exodus",,fem,sing,יציאה,ytsiá,,,
emergency exit,,fem,sing,יציאת חירום,ytsiát ħerúm,,,
Exodus from Egypt,,fem,sing,יציאת מצרים,ytsiát mitsráyim,,,
creative,,,,יצירתי,yetsiratí,,,
"dear, expensive",,,,יקר,yakár,,,
green,,,,ירוק,yarók,,,
Jerusalem,,fem,sing,ירושלים,yerushaláyim,,,
moon,,masc,sing,ירח,yaréaħ,,,
lunar,,,,ירחי,yreħi,,,
descent,,fem,sing,ירידה,yridá,,,
vegetable,,masc,sing,ירק,yarák,,,
heir,,masc,sing,ירש‎,yorésh,,,
there's,,,,יש,yesh,,,
sit,,,,ישב,yasháv,,,
being,,fem,sing,ישות,yeshút,,,
"sitting, meeting",,fem,sing,ישיבה,yshivá,,,
"old, aged",,,,ישן,yashán,,,
sleep (verb),,,,ישן,yashán,,,
"straight, straight away",,masc,sing,ישר,yashár,,,
Israel,,masc,sing,ישראל,yisraél,,,
Israeli,,,,ישראלי,yisrelí,,,
"possible, maybe",,,,יתכן,yitaħén,,,
"advantage, benefit",,masc,sing,יתרון,yitrón,,,
"like, as",,,,כ,k',,,
pain,,masc,sing,כאב,keév,,,
headache,,masc,sing,כאב ראש,keév rósh,,,
here,,,,כאן,kan,,,
heavy,,,,כבד,kabéd,,,
liver,,masc,sing,כבד,kabéd,,,
respect (noun),,masc,sing,כבוד,kavód,,,
gravity (common),,fem,sing,כבידה,kvidá,,,
laundry,,fem,sing,כביסה,kvisá,,,
already,,,,כבר,kvar,,,
ball,,masc,sing,כדור,kadúr,,,
"soccer, football",,masc,sing,כדורגל,kadurégel,,,
gravity (rare),,masc,sing,כובד,kóved,,,
hat,,masc,sing,כובע,kóva,,,
alcohol,,masc,sing,כוהל,kóhel,,,
intent,,fem,sing,כוונה,kavaná,,,
"power, force",,masc,sing,כוח,kóaħ,,,
star,,masc,sing,כוכב,koħáv,,,
starfish,,masc,sing,כוכב ים,koħáv yam,,,
planet,,masc,sing,כוכב לכת,koħáv léħet,,,
asterisk,,fem,sing,כוכבית,koħavít,,,
"glass, cup",,fem,sing,כוס,kos,,,
writer,,masc,sing,כותב,kotév,,,
wall,,masc,sing,כותל,kótel,,,
because,,,,כי,ki,,,
respect (verb),,,,כיבד,kibed,,,
direction,,fem,sing,כיוון,kivún,,,
"square, plaza",,fem,sing,כיכר,kikár,,,
chair,,masc,sing,כיסא,kisé,,,
wheelchair,,masc,sing,כיסא גלגלים,kisé galgalím,,,
throne,,masc,sing,כיסא מלכות,kisé malħút,,,
fun,,all,sing,כיף,keif,,,
kippa,,fem,sing,כיפה,kipá,,,
"forgiveness, atonement",,masc,sing,כיפור,kipúr,,,
surgical,,,,כירורגי,ħirurgi,,,
surgery,,fem,sing,כירורגיה,ħirurgya,,,
talent,,masc,sing,כישרון,kisharón,,,
"class, grade",,fem,sing,כיתה,kitá,,,
"so, in this way",,,,כך,kaħ,,,
"in this way, so",,,,ככה,káħa,,,
"all, each, every",,,,כל,kol,,,
so much,,,,כל כך,kol kaħ,,,
dog,,masc,sing,כלב,kélev,,,
seal,,masc,sing,כלב ים,kélev yam,,,
otter,,masc,sing,כלב נהר,kélev nahár,,,
bride,,fem,sing,כלה,kalá,,,
"instrument, vessel",,masc,sing,כלי,kli,,,
blood vessel,,masc,sing,כלי דם,kli dam,,,
weapon,,masc,sing,כלי זין,kli záyin,,,
musical instrument,,masc,sing,כלי נגינה,kli nginá,,,
wind instrument,,masc,sing,כלי נשיפה,kli nshifá,,,
kidney,,fem,sing,כליה,kilyá,,,
"economy, economics",,fem,sing,כלכלה,kalkalá,,,
economic,,,,כלכלי,kalkalí,,,
economist,,masc,sing,כלכלן,kalklán,,,
rule (noun),,masc,sing,כלל,klal,,,
"how much, how many",,,,כמה,káma,,,
"several, a few",,,,כמה,káma,,,
"like, as",,,,כמו,k'mó,,,
of course,,,,כמובן,kamuván,,,
yes,,,,כן,ken,,,
entrance,,fem,sing,כניסה,knisá,,,
"congregation, assembly",,fem,sing,כנסת,knéset,,,
"money, silver",,masc,sing,כסף,késef,,,
ATM,,fem,sing,כספומט,kaspomat,,,
palm,,fem,sing,כף,kaf,,,
spoon,,fem,sing,כף,kaf,,,
village,,masc,sing,כפר,kpár,,,
"card, ticket",,masc,sing,כרטיס,kartís,,,
"proper, kosher",,,,כשר,kashér,,,
"cult, sect",,fem,sing,כת,kat,,,
write,,,,כתב,katáv,,,
handwriting,,masc,sing,כתב יד,ktáv yad,,,
written,,,,כתוב,katúv,,,
marriage contract,,fem,sing,כתובה,ktubá,,,
subtitle,,fem,sing,כתובית,ktuvít,,,
orange (color),,masc,sing,כתום,katóm,,,
writing,,fem,sing,כתיבה,ktivá,,,
to,,,,ל,l,,,
"no, not",,,,לא,lo,,,
"nation, people",,masc,sing,לאום,lióm,,,
national,,,,לאומי,liumí,,,
"in light of, considering",,,,לאור,liór,,,
slowly,,,,לאט,liát,,,
heart,,masc,sing,לב,lev,,,
"latke, potato fritter",,fem,sing,לביבה,levivá,,,
white,,,,לבן,laván,,,
"wear, put on",,,,לבש,lavásh,,,
board,,masc,sing,לוח,lúaħ,,,
calendar,,masc,sing,לוח שנה,lúaħ shaná,,,
bread,,masc,sing,לחם,léħem,,,
pressure,,masc,sing,לחץ,láħats,,,
blood pressure,,masc,sing,לחץ דם,láħats dam,,,
core,,fem,sing,ליבה,libá,,,
night,,masc,sing,לילה,láyla,,,
teach,,,,לימד,liméd,,,
"study, studying",,masc,sing,לימוד,limúd,,,
lemon,,masc,sing,לימון,limón,,,
in honor of,,,,לכבוד,liħvód,,,
in honor of,,,,"לכבוד",liħvód,,,
dirt,,masc,sing,לכלוך,liħléħ,,,
"learn, study",,,,למד,lamád,,,
why,,,,למה,láma,,,
for example,,,,למשל,lmashál,,,
forever,,,,לעד,laád,,,
sometimes,,,,לעיתים,litim,,,
often,,,,לעיתים קרובות,leitím krovót,,,
rarely,,,,לעיתים רחוקות,leitím reħokót,,,
ago,,,,לפני,lifnéi,,,
before,,,,לפני,lifnéi,,,
"tongue, language",,fem,sing,לשון,lashón,,,
from,,,,מ,m,,,
Mars,,masc,sing,מאדים,ma’adím,,,
century,,fem,sing,מאה,meá,,,
very,,,,מאוד,miód,,,
in love,,masc,sing,מאוהב,mioháv,,,
united,,,,מאוחד,miuħád,,,
late,,,,מאוחר,miuħár,,,
"strain, effort",,masc,sing,מאמץ,maamáts,,,
article,,masc,sing,מאמר,maamár,,,
imprisonment,,masc,sing,מאסר,maasár,,,
pastry,,masc,sing,מאפה,maafé,,,
tower,,masc,sing,מגדל,migdál,,,
shield,,masc,sing,מגן,magén,,,
Star of David,,masc,sing,מגן דוד,magén davíd,,,
"cool, great",,,,מגניב,magnív,,,
touch (noun),,masc,sing,מגע,magá,,,
desert,,masc,sing,מדבר,midbár,,,
bonfire,,fem,sing,מדורה,medurá,,,
each,,,,מדי,midéi,,,
too,,,,מדי,midái,,,
"country, state",,fem,sing,מדינה,mdiná,,,
medal,,fem,sing,מדלייה,medálya,,,
science,,masc,sing,מדע,madá,,,
scientific,,,,מדעי,madaí,,,
humanities,,masc,plur,מדעי הרוח,madéi harúaħ,,,
scientist,,masc,sing,מדען,madán,,,
shelf,,masc,sing,מדף,madáf,,,
"stair, step",,fem,sing,מדרגה,madregá,,,
what,,,,מה,ma,,,
immigrant,,masc,sing,מהגר,mhagér,,,
fast (adjective),,,,מהיר,mahír,,,
speed,,fem,sing,מהירות,mhirút,,,
engineer,,masc,sing,מהנדס,mhandés,,,
revolution,,fem,sing,מהפכה,mahpeħá,,,
revolutionary,,,,מהפכן,mahapħán,,,
fast (adverb),,,,מהר,mahér,,,
meaning,,masc,sing,מוּבָן,muván,,,
enlarged,,,,מוגדל,mugdál,,,
death (common),,masc,sing,מוות,mávet,,,
golden,,masc,sing,מוזהב,muzháv,,,
museum,,masc,sing,מוזיאון,muzeón,,,
music,,fem,sing,מוזיקה,múzika,,,
"strange, odd",,,,מוזר,muzár,,,
brain,,masc,sing,מוח,móaħ,,,
decisive,,,,מוחלט,muħlát,,,
mutation,,fem,sing,מוטציה,mutátsya,,,
ready,,masc,sing,מוכן,muħán,,,
familiar,,masc,sing,מוכר,mukár,,,
salesman,,masc,sing,מוכר,moħér,,,
saleswoman,,fem,sing,מוכרת,moħeret,,,
taxi,,fem,sing,מונית,monít,,,
Muslim,,,,מוסלמי,muslmí,,,
club,,masc,sing,מועדון,moadon,,,
"candidate, nominee",,masc,sing,מועמד,moomád,,,
suck,,,,מוצץ‎,motséts,,,
solid,,,,מוצק,mutsák,,,
product,,masc,sing,מוצר,mutsár,,,
early,,,,מוקדם,mukdám,,,
teacher,,masc,sing,מורה,moré,,,
"concept, notion",,masc,sing,מושג,muság,,,
governor,,masc,sing,מושל,moshél,,,
perfect,,,,מושלם,mushlám,,,
temperament,,masc,sing,מזג,mézeg,,,
weather,,masc,sing,מזג אוויר,mézeg avír,,,
suitcase,,fem,sing,מזוודה,mizvadá,,,
doorpost,,masc,sing,מזוזה,mzuzá,,,
cash,,masc,sing,מזומן,mezumán,,,
bearded,,,,מזוקן,mzukan,,,
secretary,,masc,sing,מזכיר,mazkír,,,
souvenir,,fem,sing,מזכרת,mazkéret,,,
"luck, fortune",,masc,sing,מזל,mazál,,,
congratulations,,,,מזל טוב,mazál tov,,,
fork,,masc,sing,מזלג,mazlég,,,
east,,masc,sing,מזרח,mizráħ,,,
eastern,,,,מזרחי,mizraħí,,,
"racket, club",,masc,sing,מחבט,maħbét,,,
"terrorist, saboteur",,masc,sing,מחבל,mħabél,,,
connected,,,,מחובר,mħubár,,,
district,,masc,sing,מחוז,maħóz,,,
pentagon,,masc,sing,מחומש,mħumásh,,,
needle,,fem,sing,מחט,máħat,,,
"price, cost",,masc,sing,מחיר,mħír,,,
"sickness, disease",,fem,sing,מחלה,maħalá,,,
shortage,,masc,sing,מחסור,maħsór,,,
eraser,,masc,sing,מחק,máħak,,,
tomorrow,,,,מחר,maħár,,,
computer,,masc,sing,מחשב,maħshév,,,
thought (noun),,fem,sing,מחשבה,maħshavá,,,
calculator,,masc,sing,מחשבון,maħshevón,,,
kitchen,,masc,sing,מטבח,mitbáħ,,,
"coin, currency",,masc,sing,מטבע,matbéa,,,
foreign currency,,masc,sing,מטבע חוץ,matbéa ħuts,,,
"coinage, idiom, metaphor",,masc,sing,מטבע לשון,matbéa lashon,,,
fried,,,,מטוגן,mtugán,,,
"airplane, plane (common)",,masc,sing,מטוס,matós,,,
patient (noun),,masc,sing,מטופל,mtupál,,,
rain (literary),,masc,sing,מטר,matár,,,
"goal, aim",,fem,sing,מטרה,matará,,,
umbrella,,fem,sing,מטריה,mitriyá,,,
who,,,,מי,mi,,,
information,,masc,sing,מידע,meidá,,,
"special, unique",,,,מיוחד,miyuħád,,,
project,,masc,sing,מיזם,meizám,,,
bed,,fem,sing,מיטה,mitá,,,
dryer,,masc,sing,מייבש,meyabésh,,,
drying machine,,masc,sing,מייבש כביסה,meyabésh kvísa,,,
word,,fem,sing,מילה,milá,,,
verbal,,,,מילולי,milulí,,,
water,,masc,plur,מים,máyim,,,
implementation,,masc,sing,מימוש,mimúsh,,,
watery,,,,מימי,meimí,,,
hydrogen,,masc,sing,מימן,meimán,,,
"sex, gender",,masc,sing,מין,min,,,
sexual,,,,מיני,miní,,,
microwave,,masc,sing,מיקרוגל,mikrogal,,,
death (rare),,fem,sing,מיתה,mitá,,,
mythology,,fem,sing,מיתולוגיה,mitologia,,,
hit (noun),,fem,sing,מכה,maká,,,
grocery store,,fem,sing,מכולת,makólet,,,
machine,,fem,sing,מכונה,meħoná,,,
car,,fem,sing,מכונית,mħonít,,,
electric shaver,,fem,sing,מכונת גילוח,meħonát gilúaħ,,,
washing machine,,fem,sing,מכונת כביסה,meħonát kvisá,,,
typewriter,,fem,sing,מכונת כתיבה,meħonát ktivá,,,
ugly,,,,מכוער,mħoár,,,
container,,masc,sing,מכיל,meħil,,,
container,,masc,sing,מכל,mħál,,,
college,,fem,sing,מכללה,miħlalá,,,
sorcerer,,masc,sing,מכשף,mħashéf,,,
witch,,fem,sing,מכשפה,mħashefá,,,
"letter, correspondence",,masc,sing,מכתב,miħtáv,,,
salty,,,,מלוח,malúaħ,,,
dirty,,,,מלוכלך,mluħláħ,,,
dictionary,,masc,sing,מלון,milón,,,
hotel,,masc,sing,מלון,malón,,,
melon,,masc,sing,מלון,melon,,,
salt,,masc,sing,מלח,mélaħ,,,
sailor,,masc,sing,מלחא,malaħa,,,
war,,fem,sing,מלחמה,milħamá,,,
king,,masc,sing,מלך,méleħ,,,
queen,,fem,sing,מלכה,malká,,,
dimension,,masc,sing,ממד,memád,,,
"average, mean",,masc,sing,ממוצע,mimutsá,,,
kingdom,,fem,sing,ממלכה,mamlaħá,,,
inventor,,masc,sing,ממציא,mamtsí,,,
really,,,,ממש,mamásh,,,
government,,fem,sing,ממשלה,memshalá,,,
governmental,,,,ממשלתי,memshaltí,,,
custom,,masc,sing,מנהג,minhág,,,
rest (noun),,masc,sing,מנוח,manóaħ,,,
engine,,masc,sing,מנוע,manóa,,,
search engine,,masc,sing,מנוע חיפוש,mnóa ħipús,,,
"lamp, light",,fem,sing,מנורה,mnorá,,,
"share, stock",,fem,sing,מניה,mnaya,,,
lock (noun),,masc,sing,מנעול,manúl,,,
"conductor, winner",,masc,sing,מנצח,mnatséaħ,,,
surgeon,,masc,sing,מנתח,mnatéaħ,,,
tax,,masc,sing,מס,mas,,,
tradition,,fem,sing,מסורת,masóret,,,
traditional,,,,מסורתי,masortí,,,
"commerce, trade",,masc,sing,מסחר,misħár,,,
"commercial, trade",,,,מסחרי,misħarí,,,
"party, celebration",,fem,sing,מסיבה,msibá,,,
surprise party,,fem,sing,מסיבת הפתעה,msibát haftaá,,,
"deed, document",,masc,sing,מסמך‎,mismáħ,,,
restaurant,,fem,sing,מסעדה,misadá,,,
enough,,,,מספיק,maspík,,,
number,,masc,sing,מספר,mispár,,,
text message,,masc,sing,מסרון,misrón,,,
laboratory,,fem,sing,מעבדה,mabadá,,,
transition,,masc,sing,מעבר,maavár,,,
pregnant,,fem,sing,מעוברת,miubéret,,,
interested,,,,מעוניין,miunyan,,,
cloudy,,,,מעונן,miunán,,,
few,,,,מעט,miát,,,
coat,,masc,sing,מעיל,meíl,,,
elevator,,fem,sing,מעלית,maalít,,,
interesting,,masc,sing,מעניין,mianyén,,,
west,,masc,sing,מערב,maaráv,,,
western,,,,מערבי,maaraví,,,
cave,,fem,sing,מערה,miará,,,
"system, set",,fem,sing,מערכת,maaréħet,,,
operating system,,fem,sing,מערכת הפעלה,maaréħet hafalá,,,
relationship,,fem,sing,מערכת יחסים,maaréħet yáħas,,,
information system,,fem,sing,מערכת מידע,maaréħet meidá,,,
solar system,,fem,sing,מערכת שמש,maaréħet shémesh,,,
fairy tale,,fem,sing,מעשייה,maasiyá,,,
detailed,,,,מפורט,mforát,,,
famous,,masc,sing,מפורסם,mfursám,,,
scary,,,,מפחיד,mafħíd,,,
"party, political party",,fem,sing,מפלגה,miflagá,,,
loser,,masc,sing,מפסידן,mafsidán,,,
factory,,masc,sing,מפעל,mifál,,,
key,,masc,sing,מפתח,maftéaħ,,,
find,,,,מצא,matsá,,,
"situation, status",,masc,sing,מצב,matsáv,,,
"matzah, matzo",,fem,sing,מצה,matsá,,,
commandment,,fem,sing,מצווה,mitsvá,,,
reality,,fem,sing,מציאות,mtsiút,,,
camera,,fem,sing,מצלמה,matslemá,,,
parade,,masc,sing,מצעד,mitsád,,,
pride parade,,masc,sing,מצעד הגאווה,mitsád hagaavá,,,
Egyptian,,,,מצרי,mitsrí,,,
Egypt,,fem,sing,מצרים,mitsráyim,,,
parallel,,,,מקביל,makbíl,,,
"accepted, normal",,masc,sing,מקובל,mkubál,,,
place (noun),,masc,sing,מקום,makóm,,,
local,,masc,sing,מקומי,mkomí,,,
shower (noun),,fem,sing,מקלחת,mikláħat,,,
"shelter, refuge",,masc,sing,מקלט,miklát,,,
maximal,,,,מקסימלי,maksimáli,,,
verse,,masc,sing,מקרא,mikrá,,,
"event, occurrence",,masc,sing,מקרה,mikré,,,
bitter,,,,מר,mar,,,
Mr.,,masc,sing,מר,mar,,,
"sight, appearance",,masc,sing,מראה,maré,,,
bitter herbs,,masc,sing,מרור,marór,,,
"space, area",,masc,sing,מרחב,merħáv,,,
bathhouse,,masc,sing,מרחץ,merħáts,,,
distance,,masc,sing,מרחק,merħák,,,
carriage,,,,מרכבה,merkavá,,,
central,,masc,sing,מרכזי,merkazí,,,
soup,,masc,sing,מרק,marák,,,
"burden, cargo",,masc,sing,משא,masá,,,
truck,,fem,sing,משאית,masaít,,,
something,,,,משהו,máshehu,,,
crazy,,,,משוגע,mshugá,,,
game,,masc,sing,משחק,misħák,,,
video game,,masc,sing,משחק וידאו,misħák vídeo,,,
board game,,masc,sing,משחק לוח,misħák lúaħ,,,
surface,,masc,sing,משטח,mishtáħ,,,
regime,,masc,sing,משטר,mishtár,,,
police,,fem,sing,משטרה,mishtará,,,
silk,,masc,sing,משי,meshi,,,
silky,,,,משיי,mishyí,,,
residence,,masc,sing,משכן,mishkán,,,
"example, model",,masc,sing,משל,mashál,,,
"govern, rule",,,,משל,mashál,,,
"shipment, delivery",,,,משלוח,mishlóaħ,,,
therefore,,,,משמע,mashmá,,,
family,,fem,sing,משפחה,mishpaħá,,,
sentence,,masc,sing,משפט,mishpát,,,
judicial,,masc,sing,משפטי,mishpatí,,,
"drink, beverage",,masc,sing,משקה,mashké,,,
glasses,,masc,dual,משקפיים,mishkafáyim,,,
"office, ministry",,masc,sing,משרד,misrád,,,
servant,,masc,sing,משרת,msharét,,,
dead,,,,מת,met,,,
method,,fem,sing,מתודה,metóda,,,
sweet,,,,מתוק,matók,,,
when,,,,מתי,matái,,,
metal,,fem,sing,מתכת,matéħet,,,
metallic,,,,מתכתי,mataħtí,,,
"math, maths",,masc,sing,מתמטיקה,matemátika,,,
"gift, present",,fem,sing,מתנה,mataná,,,
handsome,,,,נאה,naé,,,
"faithful, loyal",,,,נאמן,neemán,,,
loyalty,,fem,sing,נאמנות,neemanút,,,
"against, opposite",,,,נגד,néged,,,
virus,,masc,sing,נגיף,nagíf,,,
touch (verb),,,,נגע,nagá,,,
rare,,,,נדיר,nadír,,,
"great, wonderful",,,,נהדר,nehedár,,,
river,,masc,sing,נהר,nahár,,,
antibody,,masc,sing,נוגדן,nogdán,,,
liquid,,masc,sing,נוזל,nozél,,,
comfort,,fem,sing,נוחות,noħút,,,
traveler,,masc,sing,נוסע,noséa,,,
youth,,masc,sing,נוער,nóar,,,
feather,,fem,sing,נוצה,notsá,,,
Christian,,,,נוצרי,notsrí,,,
Norwegian,,,,נורבגי,norvegí,,,
Norwegian (language),,fem,sing,נורבגית,norvegít,,,
Norway,,fem,sing,נורווגיה,norvégia,,,
subject,,masc,sing,נושא,nosé,,,
snot,,fem,sing,נזלת,nazélet,,,
rest (verb),,,,נח,naħ,,,
copper,,fem,sing,נחושת,nħóshet,,,
"nice, kind, pleasant",,,,נחמד,neħmád,,,
snake,,masc,sing,נחש,naħásh,,,
portable,,,,נייד,nayád,,,
paper,,masc,sing,נייר,nyár,,,
toilet paper,,masc,sing,נייר טואלט,nyár toalet,,,
"security, proof of ownership",,masc,sing,נייר ערך,nyár éreħ,,,
experiment,,masc,sing,ניסוי,nisúi,,,
attempt,,masc,sing,ניסיון,nisayón,,,
experimental,,,,ניסיוני,nisyoní,,,
spark,,masc,sing,ניצוץ,nitsóts,,,
clean (verb),,,,ניקה,niká,,,
kiss (verb),,,,נישק,nishék,,,
"surgery, analysis",,masc,sing,ניתוח,nitúaħ,,,
correct,,,,נכון,naħón,,,
enter,,,,נכנס,niħnás,,,
port,,masc,sing,נמל,namél,,,
airport (common),,masc,sing,נמל תעופה,nmál tufá,,,
miracle,,masc,sing,נס,nés,,,
prince,,masc,sing,נסיך,nasiħ,,,
princess,,fem,sing,נסיכה,nesiħá,,,
"trip, journey",,fem,sing,נסיעה,nsiá,,,
travel,,,,נסע,nasá,,,
pleasant,,,,נעים,naím,,,
tune,,fem,sing,נעימה,neimá,,,
ringtone,,masc,sing,נעימון,neimón,,,
shoe,,fem,sing,נעל,náal,,,
"wear, put on (footwear)",,,,נעל,naál,,,
become,,,,נעשה,naasá,,,
wonderful,,,,נפלא,niflá,,,
blossom,,masc,sing,נץ,nets,,,
hawk,,masc,sing,נץ,nets,,,
cricket,,masc,sing,נצר,nétser,,,
Nazareth,,fem,sing,נצרת,natsrát,,,
female,,,,נקבי,nikbí,,,
clean (adjective),,,,נקי,nakí,,,
cleanliness,,masc,sing,נִקָיוֹן,nikayón,,,
sausage,,masc,sing,נקניק,nakník,,,
candle,,masc,sing,נר,ner,,,
married,,,,נשוי,nasúi,,,
president,,masc,sing,נשיא,nasí,,,
breath,,fem,sing,נשימה,neshimá,,,
kiss (noun),,fem,sing,נשיקה,neshiká,,,
breathe,,,,נשם,nashám,,,
"piece, chunk",,masc,sing,נתח,nétaħ,,,
sodium,,masc,sing,נתרן,natrán,,,
"cool, great",,,,סבבה,sabába,,,
soap,,masc,sing,סבון,sabón,,,
environment,,fem,sing,סביבה,svivá,,,
dreidel,,masc,sing,סביבון,sivivón,,,
environmental,,,,סביבתי,svivatí,,,
logical,,masc,sing,סביר,savír,,,
patience,,fem,sing,סבלנות,savlanút,,,
patient (adjective),,,,סבלני,savlaní,,,
purple,,masc,sing,סגול,sagól,,,
closed,,,,סגור,sagúr,,,
oval,,masc,sing,סגלגל,sgalgál,,,
"close, shut",,,,סגר,sagár,,,
"shutdown, lockdown",,masc,sing,סגר,séger,,,
"organization, order",,masc,sing,סדר,séder,,,
agenda,,masc,sing,סדר יום,séder yom,,,
tolerance,,fem,sing,סובלנות,sovlanút,,,
secret (noun),,masc,sing,סוד,sod,,,
baking soda,,fem,sing,"סודה לשתייה",sodá lishtíya,,,
secret (adjective),,,,סודי,sodí,,,
horse,,masc,sing,סוס,sus,,,
end,,masc,sing,סוף,sof,,,
reed,,masc,sing,סוף,suf,,,
weekend,,masc,sing,סוף שבוע,sof shavúa,,,
weekend,,masc,sing,סופ״ש,sofásh,,,
"author, writer",,,,סופר,sofér,,,
sociology,,fem,sing,סוציולוגיה,sotsyológya,,,
sushi,,masc,sing,סושי,súshi,,,
student,,masc,sing,סטודנט,studént,,,
status,,masc,sing,סטטוס,státus,,,
satire,,fem,sing,סטירה,satíra,,,
cause (noun),,fem,sing,סיבה,sibá,,,
circular,,,,סיבובי,sivuví,,,
prayer book,,masc,sing,סידור,sidúr,,,
calcium,,masc,sing,סידן,sidán,,,
cider,,masc,sing,סידר,sáider,,,
organize,,,,סידר,sidér,,,
China,,fem,sing,סין,sin,,,
Chinese,,,,סיני,síni,,,
synchronize,,,,סינכרן,sinħrén,,,
faction,,fem,sing,סיעה,siá,,,
story,,masc,sing,סיפור,sipúr,,,
"silverware, cutlery",,masc,sing,סכו״,sakúm,,,
knife,,all,sing,סכין,sakín,,,
salad,,masc,sing,סלט,salát,,,
excuse me,,fem,sing,סליחה,sliħá,,,
smartphone,,masc,sing,סמארטפון,smártfon,,,
semester,,masc,sing,סמסטר,seméster,,,
senator,,masc,sing,סנאטור,senator,,,
feast,,fem,sing,סעודה,siudá,,,
storm,,fem,sing,סערה,siará,,,
sport,,masc,sing,ספורט,sport,,,
ship,,fem,sing,ספינה,sfiná,,,
counting,,fem,sing,ספירה,sfirá,,,
mug,,fem,sing,ספל,séfel,,,
book,,masc,sing,ספר,séfer,,,
count,,,,ספר,safár,,,
Spain,,fem,sing,ספרד,sfarád,,,
Spanish (language),,fem,sing,ספרדית,sfaradít,,,
digit,,fem,sing,ספרה,sifrá,,,
literature,,fem,sing,ספרות,sifrút,,,
literary,,masc,sing,סִפְרוּתִי,sifrutí,,,
library,,fem,sing,ספריה,sifriyá,,,
"movie, film",,masc,sing,סרט,séret,,,
cancer,,masc,sing,סרטן,sartán,,,
leukemia,,masc,sing,סרטן הדם,sartán hadam,,,
lobster,,masc,sing,סרטן ים,sartán yám,,,
"fall, autumn",,masc,sing,סתיו,stav,,,
work (verb),,,,עבד,avád,,,
worker,,masc,sing,עבד,ovéd,,,
slavery,,fem,sing,עבדות,avdút,,,
"work, job",,fem,sing,עבודה‎,avodá,,,
past,,masc,sing,עבר,avár,,,
Hebrew,,,,עברי,ivrí,,,
Hebrew (language),,fem,sing,עברית,ivrít,,,
tomato,,fem,sing,עגבניה,agvaniyá,,,
"to, by, until",,,,עד,ad,,,
"lentil, lens",,fem,sing,עדשה,adashá,,,
fact,,fem,sing,עובדה,uvdá,,,
cake,,fem,sing,עוגה,ugá,,,
cookie,,fem,sing,עוגייה,ugiyá,,,
cheesecake,,fem,sing,עוגת גבינה,ugát gviná,,,
world (noun),,masc,sing,עולם,olám,,,
world (adjective),,,,עולמי,olamí,,,
depth,,masc,sing,עומק,omek,,,
"joy, pleasure",,masc,sing,עונג,óneg,,,
season,,fem,sing,עונה,oná,,,
chicken (meat),,masc,sing,עוף,of,,,
phoenix,,masc,sing,עוף חול,of ħol,,,
skin,,masc,sing,עור,or,,,
editor,,masc,sing,עורך,oréħ,,,
lawyer,,masc,sing,עורך דין,oréħ din,,,
copy (noun),,masc,sing,עותק,ótek,,,
help (noun),,masc,sing,עזר,ézer,,,
help (verb),,,,עזר,azár,,,
pen,,masc,sing,עט,et,,,
blind,,,,עיוור,ivér,,,
eagle,,masc,sing,עיט,áyit,,,
tired,,,,עייף,ayef,,,
eye,,fem,sing,עין,áyin,,,
the evil eye,,fem,sing,עין הרע,áyin hará,,,
city,,fem,sing,עיר,ir,,,
capital city,,fem,sing,עיר בירה,ir birá,,,
"nakedness, nudity",,masc,sing,עירום,erom,,,
urban,,,,עירוני,ironí,,,
smoking,,masc,sing,עישון,ishún,,,
smoke (verb),,,,עישן,ishén,,,
newspaper,,masc,sing,עיתון,itón,,,
journalist,,masc,sing,עיתונאי,itona'í,,,
contemporary,,,,עכשווי,aħshavi,,,
now,,,,עכשיו,aħsháv,,,
for,,,,על,al,,,
"on, about",,,,על,al,,,
it's nothing,,,,על לא דבר,al lo davár,,,
according to,,,,על פי,al pi,,,
supreme,,masc,sing,עליון,elyón,,,
"nation, people",,masc,sing,עם,am,,,
with,,,,עם,im,,,
about to,,,,עמד,amád,,,
"column, page",,masc,sing,עמוד,amúd,,,
spinal column,,masc,sing,עמוד השדרה,amúd hashidrá,,,
deep,,masc,sing,עמוק,amók,,,
"folk, popular",,,,עממי,amamí,,,
valley,,masc,sing,עמק,émek,,,
grape,,masc,sing,ענב,enáv,,,
"wear, put on (jewelry)",,,,ענד,anád,,,
answer (verb),,,,ענה,aná,,,
necktie,,fem,sing,עניבה,anivá,,,
bowtie,,fem,sing,עניבת פרפר,anivat parpar,,,
"interest, matter",,masc,sing,עניין,inyán,,,
cloud,,masc,sing,ענן,anán,,,
giant (noun),,masc,sing,ענק,anák,,,
"gigantic, enormous",,,,ענקי,anakí,,,
business,,masc,sing,עסק,ések,,,
"tree, wood",,masc,sing,עץ,ets,,,
sadness,,masc,sing,עצב,étsev,,,
sad,,,,עצוב,atsúv,,,
"bone, essence",,masc,sing,עצם,étsem,,,
self,,masc,sing,עצם,étsem,,,
herself,,fem,sing,עצמה,atsmá,,,
himself,,masc,sing,עצמו,atsmó,,,
myself,,all,sing,עצמי,atsmí,,,
yourself,,fem,sing,עצמך,atsméħ,,,
yourself,,masc,sing,עצמך,atsmħá,,,
ourselves,,all,plur,עצמנו,atsmenu,,,
assembly,,fem,sing,עצרת,atséret,,,
awake,,masc,sing,ער,er,,,
evening,,masc,sing,ערב,érev,,,
Christmas Eve,,masc,sing,"ערב חג המולד",érev ħág hamolád,,,
Arabic (language),,fem,sing,ערבית,aravít,,,
"naked, nude",,,,ערום,aróm,,,
chestnut,,masc,sing,ערמון,armón,,,
moth,,masc,sing,עש,ásh,,,
"herb, weed",,masc,sing,עשב,ésev,,,
"do, make",,,,עשה,asá,,,
do one's part,,,,"עשה את שלו",asá et sheló,,,
do laundry,,,,עשה כביסה,asá kvisá,,,
smoke (noun),,masc,sing,עשן,ashán,,,
"period, era",,fem,sing,עת,et,,,
future (noun),,masc,sing,עתיד,atíd,,,
future (adjective),,,,עתידי,atidí,,,
ancient,,,,עתיק,atík,,,
meeting,,fem,sing,פגישה,pgishá,,,
meet,,,,פגש,pagásh,,,
here,,,,פה,pó,,,
mouth,,masc,sing,פה,pe,,,
podcast,,masc,sing,פודקאסט,pódkast,,,
positive,,,,פוזיטיבי,pozitiví,,,
potential,,masc,sing,פוטנציאל,potentsyál,,,
political,,,,פוליטי,politi,,,
politics,,fem,sing,פוליטיקה,polítika,,,
function,,fem,sing,פונקציה,funktsiá,,,
"fate, lot",,masc,sing,פור,pur,,,
forum,,masc,sing,פורום,fórum,,,
fear (noun),,masc,sing,פחד,páħad,,,
coal,,masc,sing,פחם,peħám,,,
carbon,,masc,sing,פחמן,paħmán,,,
hammer,,masc,sing,פטיש,patísh,,,
jacħammer,,masc,sing,פטיש אוויר,patísh avír,,,
raspberry,,masc,sing,פטל אדום,pétel adóm,,,
blackberry,,masc,sing,פטל שחור,pétel shaħór,,,
mushroom,,fem,sing,פטריה,pitriyá,,,
physics,,fem,sing,פיזיקה,fiziká,,,
split,,masc,sing,פילוג,pilúg,,,
philosopher,,masc,sing,פילוסוף,filosóf,,,
philosophical,,,,פילוסופי,filosofi,,,
philosophy,,fem,sing,פילוסופיה,filosofia,,,
penis,,masc,sing,פין,pin,,,
pizza,,fem,sing,פיצה‎,pítsa,,,
explosion,,masc,sing,פיצוץ,pitsúts,,,
interpretation,,masc,sing,פירוש,perúsh,,,
simplification,,masc,sing,פישוט,pishút,,,
"wonder, miracle",,masc,sing,פלא,péle,,,
cell phone,,masc,sing,פלאפון,pélefon,,,
falafel,,masc,sing,פלאפל,faláfel,,,
"stream, faction",,masc,sing,פלג,péleg,,,
steel,,fem,sing,פלדה,pladá,,,
platform,,fem,sing,פלטפורמה,platfórma,,,
Palestine (post-1948),,fem,sing,פלסטין,falastín,,,
Palestinian,,,,פלסטיני,falastiní,,,
pepper,,masc,sing,פלפל,pilpel,,,
black pepper,,masc,sing,פלפל שחור,pilpel shaħór,,,
Palestine (pre-1948),,fem,sing,פלשתינה,palestína,,,
face,,fem,plur,פנים,panim,,,
Passover,,masc,sing,פסח,pésaħ,,,
pasta,,fem,sing,פסטה,pastá,,,
sculptor,,masc,sing,פסל,pasál,,,
"sculpture, statue",,masc,sing,פסל,pésel,,,
piano,,masc,sing,פסנתר,psantér,,,
action,,fem,sing,פעולה,piulá,,,
active,,,,פעיל,paíl,,,
bomb,,fem,sing,פצצה,ptsatsá,,,
paradox,,masc,sing,פרדוקס,paradoks,,,
paradigm,,fem,sing,פרדיגמה,paradigma,,,
cow,,fem,sing,פרה,pará,,,
slice (noun),,fem,sing,פרוסה,prusá,,,
flower,,masc,sing,פרח,péraħ,,,
detail,,masc,sing,פרט,pirát,,,
private,,,,פרטי,piratí,,,
fruit,,masc,sing,פרי,prí,,,
privilege,,fem,sing,פריבילגיה,privilegya,,,
parliament,,masc,sing,פרלמנט,parlamént,,,
advertisement,,fem,sing,פרסומת,pirsómet,,,
butterfly,,masc,sing,פרפר,parpar,,,
"chapter, episode",,masc,sing,פרק,pérek,,,
park (noun),,masc,sing,פרק,park,,,
commentator,,masc,sing,פרשן,parshán,,,
simple,,,,פשוט,pashút,,,
simplicity,,fem,sing,פשטות,pashtút,,,
crime,,masc,sing,פשע,pésha,,,
war crime,,masc,sing,פשע מלחמה,pésha milħamá,,,
hate crime,,masc,sing,פשע שנאה,pésha siná,,,
open (adjective),,,,פתוח,patúaħ,,,
open (verb),,,,פתח,patáħ,,,
solution,,masc,sing,פתרון,pitrón,,,
turtle,,masc,sing,צב,tsav,,,
military (noun),,masc,sing,צבא,tsavá,,,
military (adjective),,,,צבאי,tsvaí,,,
militaristic,,,,צבאני,tsvaaní,,,
hypocritical,,,,צבוע,tsavúa,,,
"color, paint (noun)",,masc,sing,צבע,tséva,,,
colorful,,,,צבעוני,tsivoní,,,
prickly pear cactus,,masc,sing,צבר,tsabár,,,
hunt (verb),,,,צד,tsad,,,
side,,masc,sing,צד,tsad,,,
Jupiter,,masc,sing,צדק,tsédek,,,
justice,,masc,sing,צדק,tsédek,,,
charity,,fem,sing,צדקה,tsdaká,,,
yellow,,masc,sing,צהוב,tsahóv,,,
"midday, lunch",,masc,plur,צהריים,tsohoráyim,,,
command (noun),,masc,sing,צו,tsav,,,
neck,,masc,sing,צוואר,tsavár,,,
collar,,masc,sing,צווארון,tsavarón,,,
submarine,,fem,sing,צוללת,tsolélet,,,
fast (noun),,masc,sing,צום,tsom,,,
cool (adjective),,,,צונן,tsonén,,,
public (noun),,masc,sing,ציבור,tsibúr,,,
public (adjective),,,,ציבורי,tsiburí,,,
hunt (noun),,masc,sing,ציד,tsáyid,,,
witch hunt,,masc,sing,ציד מכשפות,tsáyid mħashefá,,,
equipment,,masc,sing,ציוד,tsiyúd,,,
"drawing, painting",,masc,sing,ציור,tsiyúr,,,
hunter,,masc,sing,צייד,tsayád,,,
"draw, paint",,,,צייר,tsiyér,,,
"drawer, painter",,masc,sing,צייר,tsayár,,,
cool (verb),,,,צינן,tsinén,,,
bird,,fem,sing,ציפור,tsipór,,,
expectation,,fem,sing,ציפייה,tsipiyá,,,
plate,,fem,sing,צלחת,tsaláħat,,,
image,,masc,sing,צלם,tsélem,,,
photographer,,masc,sing,צלם,tsalám,,,
plant (noun),,masc,sing,צמח,tsémaħ,,,
vegetarian,,,,צמחוני,tsimħoní,,,
"sprouting, growth",,fem,sing,צמיחה,tsmiħá,,,
wool,,masc,sing,צמר,tsémer,,,
radish,,masc,sing,צנון,tsnon,,,
young,,,,צעיר,tsaír,,,
sorrow,,masc,sing,צער,tsáar,,,
north,,masc,sing,צפון,tsafón,,,
northern,,,,צפוני,tsfoní,,,
France,,fem,sing,צרפת,tsarfát,,,
French (language),,fem,sing,צרפתית,tsarfatít,,,
"group, team",,fem,sing,קבוצה,k'vutsá,,,
"group, collective",,masc,sing,קבוצתי,k'vutsatí,,,
acceptance,,fem,sing,קבלה,kabalá,,,
grave,,masc,sing,קבר,kéver,,,
"holy, saintly",,,,קדוש,kadósh,,,
forward,,,,קדימה,kadíma,,,
mourner's kaddish,,masc,sing,קדיש,kadish,,,
front (noun),,masc,sing,קדם,kédem,,,
front (adjective),,,,קדמי,kidmí,,,
community,,fem,sing,קהילה,k'hilá,,,
line,,masc,sing,קו,kav,,,
line of lattitude,,masc,sing,"קו רוחב",kav róħav,,,
skyline,,masc,sing,קו רקיע,kav rakía,,,
"sound, voice",,masc,sing,קול,kol,,,
"movie theater, cinema",,masc,sing,קולנוע,kolnóa,,,
"movie-related, cinematic",,,,קולנועי,kolnoí,,,
"floor, story",,fem,sing,קומה,komá,,,
ground floor,,fem,sing,קומת קרקע,komát karká,,,
magic,,fem,sing,קוסמות,kosmút,,,
cosmetic,,,,קוסמטי,kosmetí,,,
monkey,,masc,sing,קוף,kof,,,
needle's eye,,fem,sing,קוף,kuf,,,
box,,fem,sing,קופסה,kufsá,,,
black box,,fem,sing,קופסה שחורה,kufsá shħorá,,,
cold (noun),,masc,sing,קור,kor,,,
reader,,masc,sing,קורא,koré,,,
"minor, underage",,masc,sing,קטין,katín,,,
small,,,,קטן,katán,,,
farming collective,,masc,sing,קיבוץ,kibúts,,,
"accept, receive, get",,,,קיבל,kibél,,,
hope (verb),,,,קיווה,kivá,,,
exist,,,,קיים,kayám,,,
dessert,,masc,sing,קינוח,kinuach,,,
emperor,,masc,sing,קיסר,keisár,,,
summer,,masc,sing,קיץ,káyits,,,
extreme,,masc,sing,קיצוני,kitsoní,,,
bald,,,,קירח,keréaħ,,,
link,,masc,sing,קישור,kishur,,,
"light, easy",,,,קל,kal,,,
claustrophobia,,fem,sing,קלאוסטרופוביה,klaustrofóbya,,,
campus,,masc,sing,קמפוס,kampus,,,
helmet,,fem,sing,קסדה,kasdá,,,
magic,,masc,sing,קסם,késem,,,
bowl,,fem,sing,קערה,k'ara,,,
seder plate,,fem,sing,קערת פסח,kaarát pésaħ,,,
coffee,,masc,sing,קפה,kafé,,,
iced coffee,,masc,sing,קפה קפוא,kafé kafú,,,
frozen,,,,קפוא,kafú,,,
"a bit, some",,,,קצת,ktsát,,,
cold (adjective),,,,קר,kar,,,
"read, call",,,,קרא,kará,,,
combat,,masc,sing,קרב,krav,,,
touch combat,,masc,sing,קרב מגע,krav magá,,,
"close, near",,,,קרוב,karóv,,,
"relative, family member",,masc,sing,קרוב,karóv,,,
ice,,masc,sing,קרח,kéraħ,,,
iceberg,,masc,sing,קרחון,karħon,,,
reading,,fem,sing,קריאה,kiriá,,,
"corner, horn",,fem,sing,קרן,kéren,,,
street corner,,fem,sing,"קרן רחוב",kéren reħóv,,,
ground,,fem,sing,קרקע,karká,,,
"hard, difficult",,,,קשה,kashé,,,
"contact, connection",,masc,sing,קשר,késher,,,
eye contact,,masc,sing,קשר עין,késher'áyin,,,
cathedral,,fem,sing,קתדרלה,katedrala,,,
see,,,,ראה ,raá ,,,
mirror,,masc,sing,ראי,rií,,,
head,,masc,sing,ראש,rosh,,,
Jewish New Year,,masc,sing,ראש השנה,rosh hashaná,,,
prime minister,,masc,sing,ראש ממשלה,rosh memshalá,,,
mayor,,masc,sing,ראש עירייה,rosh iriyá,,,
first,,,,ראשון,rishón,,,
main,,,,ראשי,rashí,,,
"first, firstly",,fem,sing,ראשית,reshít,,,
"many, much",,masc,sing,רב,rav,,,
"relaxed, calm",,,,רגוע,ragúa,,,
sensitive,,masc,sing,רגיש,ragísh,,,
"foot, leg",,fem,sing,רגל,régel,,,
moment,,masc,sing,רגע,réga,,,
emotion,,masc,sing,רגש,régesh,,,
emotional,,,,רגשי,rigshí,,,
"emotionalness, sentimentality",,fem,sing,רגשנות,ragshanút,,,
shallow,,,,רדוד,radúd,,,
radio,,masc,sing,רדיו,rádyo,,,
radius,,masc,sing,רדיוס,rádyus,,,
"spirit, ghost",,all,sing,רוח,rúaħ,,,
wind,,all,sing,רוח,rúaħ,,,
"Holy Spirit, the",,all,sing,רוח הקדש,rúaħ hakódesh,,,
width,,masc,sing,רוחב,róħav,,,
spiritual,,,,רוחני,ruħaní,,,
height,,masc,sing,רום,róm,,,
Rome,,fem,sing,רומא,róma,,,
"novel, romance",,masc,sing,רומן,román,,,
doctor,,masc,sing,רופא,rofé,,,
dentist,,masc,sing,רופא שיניים,rofé shináim,,,
wide,,,,רחב,raħáv,,,
street,,masc,sing,רחוב,reħóv,,,
far,,masc,sing,רחוק,raħók,,,
washing,,fem,sing,רחצה,raħatsá,,,
wet,,,,רטוב,ratóv,,,
lung,,fem,sing,ריאה,reá,,,
interview,,masc,sing,ריאיון,reayon,,,
"sovereign, master",,masc,sing,ריבון,ribón,,,
dance (noun),,masc,sing,ריקוד,rikúd,,,
soft,,,,רך,raħ,,,
vehicle,,masc,sing,רכב,réħev,,,
train,,fem,sing,רכבת,rakévet,,,
"high, important",,,,רם,ram,,,
"hint, clue",,masc,sing,רמז,rémez,,,
traffic light,,masc,sing,רמזור,ramzór,,,
speaker (machine),,masc,sing,רמקול,ramkól,,,
bad,,,,רע,ra,,,
hunger,,masc,sing,רעב,raáv,,,
hungry,,,,רעב,raév,,,
earthquake,,fem,sing,רעידת אדמה,ridát adamá,,,
idea,,masc,sing,רעיון,raayón,,,
thunderclap,,masc,sing,רעם,ráam,,,
noise,,masc,sing,רעש,ráash,,,
white noise,,masc,sing,רעש לבן,ráash laván,,,
medicine (study),,fem,sing,רפואה,rfuá,,,
medical,,,,רפואי,rfuí,,,
republic,,fem,sing,רפובליקה,repúblika,,,
republican,,,,רפובליקני,republikáni,,,
"desire, will",,masc,sing,רצון,ratsón,,,
recipe,,masc,sing,רצפט,retsépt,,,
only,,,,רק,rak,,,
dance (verb),,,,רקד,rakád,,,
dancer,,masc,sing,רקדן,rakdán,,,
background,,masc,sing,רקע,réka,,,
that,,,,ש,she,,,
question,,fem,sing,שאלה,shielá,,,
week,,masc,sing,שבוע,shavúa,,,
broken,,,,שבור,shavúr,,,
broken-hearted,,,,שבור לב,shvúr lev,,,
seven,,fem,plur,שבע,shéva,,,
"sabbath, Saturday",,fem,sing,שבת,shabát,,,
Saturn,,masc,sing,שבתאי,shabtái,,,
breast,,masc,sing,שד,shad,,,
"demon, devil",,masc,sing,שד,shed,,,
field,,masc,sing,שדה,sadé,,,
airport (rare),,masc,sing,שדה תעופה,sdé tufá,,,
avenue,,fem,sing,שדרה,sderá,,,
spine,,fem,sing,שדרה,shidrá,,,
"catastrophe, Holocaust",,fem,sing,שואה,shoá,,,
again,,,,שוב,shuv,,,
ice breaker,,fem,sing,שוברת קרח,shovéret kéraħ,,,
robbery,,,,שוד,shod,,,
robber,,masc,sing,שודד,shodéd,,,
pirate,,masc,sing,שודד ים,shodéd yam,,,
schwa,,masc,sing,שווא,shva,,,
whip,,fem,sing,שוט,shot,,,
table,,masc,sing,שולחן,shulħán,,,
any,,,,שום,shum,,,
garlic,,masc,sing,שום,shum,,,
anything,,,,שום דבר,shum davár,,,
"guard, protector",,masc,sing,שומר,shomér,,,
bodyguard,,masc,sing,שומר ראש,shomér rósh,,,
different,,,,שונה,shoné,,,
difference,,masc,sing,שוני,shóni,,,
market,,masc,sing,שוק,shuk,,,
stock market,,masc,sing,שוק מניות,shuk menayót,,,
black market,,masc,sing,שוק שחור,shuk shaħór,,,
chocolate,,masc,sing,שוקולד,shokolád,,,
survive,,,,שורד‎,sarád,,,
root,,masc,sing,שורש,shóresh,,,
swim,,,,שחה,saħá,,,
black,,,,שחור,shaħór,,,
swimming,,fem,sing,שחיה,sħiyá,,,
"player, actor",,masc,sing,שחקן,saħkán,,,
"area, surface",,masc,sing,שטח,shétaħ,,,
"carpet, rug",,masc,sing,שטיח,shatíaħ,,,
red carpet,,masc,sing,שטיח אדום,shatíaħ adóm,,,
washing,,fem,sing,שטיפה‎,shtifá,,,
brain-washing,,fem,sing,שטיפת מוח,shtifát móaħ,,,
drive crazy,,,,שיגע,shigéa,,,
craziness,,masc,sing,שיגעון,shigaón,,,
conversation,,fem,sing,שיחה,siħá,,,
"system, method",,fem,sing,שיטה,shitá,,,
flood,,masc,sing,שיטפון,shitafon,,,
"pay, make peace",,,,שילם,shilém,,,
useful,,,,שימושי,shimushí,,,
change (transitive),,,,שינה,shiná,,,
sleep (noun),,fem,sing,שינה,sheiná,,,
change (noun),,masc,sing,שינוי,shinúi,,,
climate change,,masc,sing,"שינוי אקלים",shinúi aklím,,,
teeth,,fem,dual,שיניים,shináyim,,,
"lesson, rate",,masc,sing,שיעור,shiúr,,,
homework,,masc,sing,שיעורי בית,shiuréi habáyit,,,
hair,,masc,sing,שיער,seár,,,
improvement,,masc,sing,שיפור,shipúr,,,
improve,,,,שיפר,shipér,,,
"song, poem",,masc,sing,שיר,shir,,,
service,,masc,sing,שירות,sheirút,,,
serve,,,,שירת,sherét,,,
neighborhood,,fem,sing,שכונה,shħuná,,,
neighbor,,masc,sing,שכן,shaħén,,,
"wage, fee",,masc,sing,שכר,saħár,,,
of,,,,של,shel,,,
snow (noun),,masc,sing,שלג,shéleg,,,
her (adjective),,fem,sing,שלה,shelá,,,
their,,,,שלהם,shelahém,,,
his,,masc,sing,שלו,sheló,,,
peaceful,,,,שלו,shálev,,,
"hello, goodbye",,,,שלום,shalóm,,,
peace,,masc,sing,שלום,shalóm,,,
three,,fem,plur,שלוש,shalósh,,,
rule (verb),,,,שלט,shalát,,,
sign (noun),,masc,sing,שלט,shélet,,,
my,,all,sing,שלי,shelí,,,
ruler,,masc,sing,שליט,shalít,,,
third,,masc,sing,שלישי,shlishí,,,
your,,,,שלך,shelħá,,,
complete,,,,שלם,shalém,,,
perfection,,fem,sing,שלמות,shlemút,,,
our,,all,plur,שלנו,shelánu,,,
name,,masc,sing,שם,shem,,,
"put, place",,,,שם,sam,,,
there,,,,שם,sham,,,
"pay attention, notice",,,,"שם לב",sam lev,,,
pen name,,masc,sing,שם עט,shem et,,,
left side,,masc,sing,שמאל,simól,,,
"left, left-handed",,,,שמאלי,simalí,,,
leftist,,masc,sing,שמאלני,simolaní,,,
eight,,,,שמונה,shmoná,,,
happy,,,,שמח,saméaħ,,,
"happiness, joy",,fem,sing,שמחה,simħá,,,
"sky, heaven",,masc,plur,שמים,shamáyim,,,
dress,,fem,sing,שמלה,simlá,,,
fat,,masc,sing,שמן,shamén,,,
oil,,masc,sing,שמן,shémen,,,
olive oil,,masc,sing,שמן זית,shémen záyit,,,
cream,,fem,sing,שמנת,shaménet,,,
audio,,masc,sing,שמע,shéma,,,
yeast,,masc,plur,שמרים,shmarím,,,
sun,,fem,sing,שמש,shémesh,,,
"sunny, solar",,,,שמשי,shimshí,,,
tooth,,fem,sing,שן,shen,,,
"hate, hatred",,fem,sing,שנאה,siná,,,
year,,fem,sing,שנה,shaná,,,
second (adjective),,,,שני,shení,,,
second (noun),,fem,sing,שנייה,shniyá,,,
two,,masc,dual,שניים,shnáyim,,,
light year,,fem,sing,שנת אור,shnát or,,,
school year,,fem,sing,שנת לימודים,shnát limudím,,,
"yearly, annual",,,,שנתי,shnatí,,,
hour,,fem,sing,שעה,shaá,,,
"clock, watch",,masc,sing,שעון,shaón,,,
alarm clock,,masc,sing,שעון מעורר,shaón mórer,,,
bean,,fem,sing,שעועית,sheuít,,,
language,,fem,sing,שפה,safá,,,
mustache,,masc,sing,שפם,safám,,,
native language,,fem,sing,שפת אם,sfat em,,,
programming language,,fem,sing,שפת תכנות,sfát tiħnút,,,
transparent,,,,שקוף,shakúf,,,
quiet (adjective),,,,שקט,shakét,,,
"quiet, silence",,masc,sing,שקט,shéket,,,
shekel,,masc,sing,שקל,shékel,,,
transparent slide,,masc,sing,שקף,shékef,,,
"lie, falsehood",,masc,sing,שקר,shéker,,,
liar,,masc,sing,שקרן,shakrán,,,
"commander, minister",,masc,sing,שר,sar,,,
sing,,,,שר,shar,,,
muscle,,masc,sing,שריר,shirír,,,
muscular,,,,שרירי,shirirí,,,
"server, janitor",,masc,sing,שרת,sharát,,,
drink (verb),,,,שתה,shatá,,,
two,,fem,dual,שתיים,shtáyim,,,
date (calendar),,masc,sing,תאריך,taaríħ,,,
expiration date,,masc,sing,תאריך פג תוקף,taariħ peg tokef,,,
reaction,,fem,sing,תגובה,tguvá,,,
comment (noun),,fem,sing,תגובית,tguvit,,,
tea,,masc,sing,תה,te,,,
gratitude,,fem,sing,תודה,todá,,,
thank you,,,,תודה,todá,,,
history,,fem,plur,תולדות,toldót,,,
worm,,fem,sing,תולעת,toláat,,,
"Torah, teaching",,fem,sing,תורה,torá,,,
strawberry (rare),,masc,sing,תות,tut,,,
strawberry (common),,masc,sing,תות שדה,tut sadé,,,
"motion, move",,fem,sing,תזוזה,tizuzá,,,
transit,,fem,sing,תחבורה,taħburá,,,
sensation,,fem,sing,תחושה,tħushá,,,
revival,,fem,sing,תחייה,tħiyá,,,
resurrection,,fem,sing,תחיית,tħiyát,,,
ammunition,,fem,sing,תחמושת,taħmóshet,,,
station,,fem,sing,תחנה,taħaná,,,
bus stop,,fem,sing,תחנת אוטובוס,taħanát ótobus,,,
gas station,,fem,sing,תחנת דלק,taħanát délek,,,
space station,,fem,sing,"תחנת חלל",taħanát ħalál,,,
train station,,fem,sing,תחנת רכבת,taħanát rakévet,,,
research (noun),,masc,sing,תחקיר,taħkír,,,
curl (verb),,,,תילתל,tiltél,,,
baby,,masc,sing,תינוק,tinók,,,
content (noun),,fem,sing,תכולה,tħulá,,,
software,,fem,sing,תכנה,toħná,,,
programming,,masc,sing,תכנות,tiħnút,,,
"program, show",,fem,sing,תכנית,toħnít,,,
"hill, mound",,masc,sing,תל,tel,,,
"teaching, Talmud",,masc,sing,תלמוד,talmúd,,,
student,,masc,sing,תלמיד,talmíd,,,
three-dimensional,,masc,sing,תלת ממד‎,tlát memád,,,
mortality,,fem,sing,תמותה,tmutá,,,
always,,,,תמיד,tamíd,,,
perpetual,,,,תמידי,tmidi,,,
octopus,,masc,sing,תמנון,tmanún,,,
date (fruit),,masc,sing,תמר,tamár,,,
condition,,masc,sing,תנאי,tnái,,,
movement,,fem,sing,תנועה,tnuá,,,
"stove, oven",,masc,sing,תנור,tanúr,,,
"document, certificate",,fem,sing,תעודה‎,tiudá,,,
flight,,fem,sing,תעופה,tiufá,,,
industry,,fem,sing,תעשייה,taasiyá,,,
industrial,,masc,sing,תעשייתי,taasiyatí,,,
transcription,,masc,sing,תעתיק,tatík,,,
orange (fruit),,masc,sing,תפוז,tapúz,,,
apple,,masc,sing,תפוח,tapúaħ,,,
potato,,masc,sing,תפוח אדמה,tapuách adamá,,,
prayer,,fem,sing,תפילה,tfilá,,,
menu,,fem,sing,תפריט,tafrít,,,
"photo, photograph",,masc,sing,תצלום,tatslúm,,,
hope (noun),,fem,sing,תקווה,tikvá,,,
"era, period",,fem,sing,תקופה,tkufá,,,
"CD, compact disc",,masc,sing,תקליטור,taklitór,,,
attack (verb),,,,תקף,takáf,,,
communication,,fem,sing,תקשורת,tikshorét,,,
"culture, civilization",,fem,sing,תרבות,tarbút,,,
cultural,,,,תרבותי,tarbutí,,,
translation (idea),,masc,sing,תרגום,tirgúm,,,
translation (result),,masc,sing,תרגום,targúm,,,
medicine (item),,fem,sing,תרופה,tirufá,,,
chicken (animal),,masc,sing,תרנגול,tarngól,,,
answer (noun),,fem,sing,תשובה,tshuvá,,,
"input, attention",,fem,sing,תשומה,tisumá,,,
attention,,fem,sing,"תשומת לב",tsumát lev,,,
payment,,masc,sing,תשלום,tashlúm,,,